id,gender,masterCategory,subCategory,articleType,baseColour,season,year,usage,productDisplayName
15970,Men,Apparel,Topwear,Shirts,Navy Blue,Fall,2011.0,Casual,Turtle Check Men Navy Blue Shirt
39386,Men,Apparel,Bottomwear,Jeans,Blue,Summer,2012.0,Casual,Peter England Men Party Blue Jeans
59263,Women,Accessories,Watches,Watches,Silver,Winter,2016.0,Casual,Titan Women Silver Watch
21379,Men,Apparel,Bottomwear,Track Pants,Black,Fall,2011.0,Casual,Manchester United Men Solid Black Track Pants
53759,Men,Apparel,Topwear,Tshirts,Grey,Summer,2012.0,Casual,Puma Men Grey T-shirt
1855,Men,Apparel,Topwear,Tshirts,Grey,Summer,2011.0,Casual,Inkfruit Mens Chain Reaction T-shirt
30805,Men,Apparel,Topwear,Shirts,Green,Summer,2012.0,Ethnic,Fabindia Men Striped Green Shirt
26960,Women,Apparel,Topwear,Shirts,Purple,Summer,2012.0,Casual,Jealous 21 Women Purple Shirt
29114,Men,Accessories,Socks,Socks,Navy Blue,Summer,2012.0,Casual,Puma Men Pack of 3 Socks
30039,Men,Accessories,Watches,Watches,Black,Winter,2016.0,Casual,Skagen Men Black Watch
9204,Men,Footwear,Shoes,Casual Shoes,Black,Summer,2011.0,Casual,Puma Men Future Cat Remix SF Black Casual Shoes
48123,Women,Accessories,Belts,Belts,Black,Summer,2012.0,Casual,Fossil Women Black Huarache Weave Belt
18653,Men,Footwear,Flip Flops,Flip Flops,Black,Fall,2011.0,Casual,Fila Men Cush Flex Black Slippers
47957,Women,Accessories,Bags,Handbags,Blue,Summer,2012.0,Casual,Murcia Women Blue Handbag
46885,Boys,Footwear,Flip Flops,Flip Flops,Navy Blue,Fall,2012.0,Casual,Ben 10 Boys Navy Blue Slippers
12369,Men,Apparel,Topwear,Shirts,Purple,Fall,2011.0,Formal,Reid & Taylor Men Check Purple Shirts
29928,Men,Accessories,Watches,Watches,Black,Winter,2016.0,Casual,Police Men Black Dial Watch PL12889JVSB
42419,Girls,Apparel,Topwear,Tops,White,Summer,2012.0,Casual,Gini and Jony Girls Knit White Top
47359,Women,Accessories,Bags,Handbags,Brown,Summer,2012.0,Casual,Baggit Women Brown Handbag
17429,Men,Accessories,Watches,Watches,Black,Winter,2016.0,Casual,CASIO G-Shock Men Black Digital Watch G-7710-1DR G223
12967,Men,Footwear,Sandal,Sandals,Black,Fall,2011.0,Casual,ADIDAS Men Spry M Black Sandals
6842,Unisex,Accessories,Shoe Accessories,Shoe Accessories,Black,Summer,2011.0,Casual,Timberland Unisex Rubber Sole Brush Shoe Accessories
13089,Men,Apparel,Topwear,Sweatshirts,Grey,Fall,2011.0,Sports,ADIDAS Men Lfc Auth Hood Grey Sweatshirts
18461,Men,Personal Care,Fragrance,Deodorant,White,Spring,2017.0,Casual,David Beckham Signature Men Deos
9036,Men,Footwear,Shoes,Formal Shoes,Black,Winter,2011.0,Formal,Buckaroo Men Flores Black Formal Shoes
48311,Women,Accessories,Jewellery,Bracelet,Bronze,Winter,2012.0,Casual,Pitaraa Women Bronze Beaded Bracelet
7990,Men,Apparel,Topwear,Tshirts,Navy Blue,Fall,2011.0,Sports,Fila Men's Round Neck Navy Blue T-shirt
56019,Women,Personal Care,Lips,Lipstick,Brown,Spring,2017.0,Casual,Colorbar Soft Touch Show Stopper Copper Lipstick 037
21977,Women,Accessories,Bags,Handbags,Brown,Winter,2015.0,Casual,Murcia Women Casual Brown Handbag
37812,Men,Apparel,Topwear,Shirts,Navy Blue,Summer,2012.0,Formal,John Players Men Navy Blue Shirt
4729,Boys,Apparel,Topwear,Tshirts,Green,Summer,2011.0,Casual,Disney Kids Boy's Crew Sea Life Sialing Green Teen Kidswear
56825,Men,Apparel,Topwear,Shirts,Brown,Summer,2012.0,Casual,John Players Men Brown Shirt
39988,Men,Footwear,Shoes,Casual Shoes,White,Winter,2014.0,Casual,Gas Men Europa White Shoes
59051,Women,Footwear,Shoes,Flats,Black,Winter,2012.0,Casual,Carlton London Women Black & Gold Toned Flats
20099,Women,Apparel,Topwear,Kurtas,Green,Fall,2011.0,Ethnic,Diva Women Embroided Green Kurta
58183,Women,Accessories,Bags,Handbags,White,Summer,2012.0,Casual,Rocky S Women White Handbag
29742,Women,Accessories,Bags,Handbags,Teal,Summer,2012.0,Casual,Kiara Women Teal Handbag
51658,Women,Accessories,Watches,Watches,Copper,Winter,2016.0,Casual,Fossil Women Copper Chronograph Watch CH2589
3954,Women,Apparel,Topwear,Tshirts,Pink,Summer,2011.0,Casual,Jealous 21 Women's Pink T-shirt
18839,Men,Accessories,Belts,Belts,Black,Fall,2011.0,Formal,Peter England Men Formal Black Belt
2886,Women,Footwear,Shoes,Flats,Brown,Winter,2015.0,Casual,Catwalk Women Leather Brown Flats
23278,Men,Accessories,Watches,Watches,Off White,Winter,2016.0,Casual,Maxima Ssteele Men Off White Watch
28690,Women,Apparel,Topwear,Kurtas,Beige,Summer,2012.0,Ethnic,W Women Printed Beige Kurta
8580,Men,Apparel,Topwear,Waistcoat,Grey,Fall,2011.0,Casual,Scullers Men  Grey Waistcoat
3168,Men,Footwear,Shoes,Sports Shoes,White,Fall,2010.0,Sports,Nike Men's Incinerate MSL White Blue Shoe
18005,Men,Apparel,Bottomwear,Shorts,Black,Summer,2011.0,Sports,Puma Men Long Logo Black Bermuda
9452,Men,Apparel,Topwear,Shirts,Red,Fall,2011.0,Formal,John Miller Men Stripes White Red Shirts
38402,Women,Accessories,Belts,Belts,Black,Summer,2012.0,Casual,Baggit Women Hood Dabang Black Belt
44984,Women,Accessories,Watches,Watches,White,Winter,2016.0,Casual,Maxima Women White Dial Watch
10268,Men,Footwear,Shoes,Formal Shoes,Black,Fall,2012.0,Formal,Clarks Men Hang Work Leather Black Formal Shoes
45856,Women,Apparel,Topwear,Kurtas,Brown,Summer,2012.0,Ethnic,Vishudh Women Brown Kurta
59435,Men,Footwear,Shoes,Formal Shoes,Black,Summer,2012.0,Formal,Arrow Men Black Formal Shoes
5891,Men,Apparel,Topwear,Tshirts,Black,Summer,2011.0,Casual,Puma Men's Stripe Polo Black T-shirt
38630,Women,Apparel,Topwear,Tshirts,Purple,Summer,2012.0,Casual,Nike Women Purple Polo T-shirt
4943,Men,Apparel,Topwear,Shirts,White,Summer,2011.0,Casual,Gini and Jony Boy's Kaleb White Brown Kidswear
11188,Men,Accessories,Watches,Watches,Silver,Winter,2016.0,Casual,Carrera Men Dial steel finish strap Silver Watches
10866,Men,Apparel,Topwear,Tshirts,Red,Fall,2011.0,Casual,Wrangler Men Motor Rider Red T-Shirts
59607,Women,Apparel,Saree,Sarees,Grey,Fall,2012.0,Ethnic,FNF Pink & Grey Wedding Collection Sari
15528,Men,Apparel,Topwear,Tshirts,Black,Fall,2011.0,Casual,Puma Men Scribble Black Tshirts
45258,Men,Accessories,Watches,Watches,Black,Winter,2016.0,Casual,CASIO EDIFICE Men Black Dial Chronograph Watch ED60
42841,Women,Accessories,Bags,Handbags,Beige,Summer,2012.0,Casual,French Connection Women Beige Handbag
22198,Men,Footwear,Shoes,Casual Shoes,Black,Fall,2012.0,Casual,Timberland Men Black Casual Shoes
29570,Men,Footwear,Shoes,Casual Shoes,Purple,Summer,2012.0,Casual,Vans Men Classic Slip-On Purple & Black Shoes
43993,Women,Personal Care,Fragrance,Perfume and Body Mist,Pink,Spring,2017.0,Casual,Police Women Passion Perfume
6628,Men,Footwear,Shoes,Sports Shoes,White,Summer,2011.0,Sports,ADIDAS Men's Lowell White Silver Shoe
54924,Men,Apparel,Bottomwear,Shorts,Blue,Summer,2012.0,Casual,Do U Speak Green Men Blue Shorts
26538,Men,Footwear,Shoes,Casual Shoes,Red,Fall,2012.0,Casual,ID Men Red Shoes
35913,Women,Accessories,Bags,Handbags,Black,Summer,2012.0,Casual,Peperone Women Black & White Handbag
49495,Men,Footwear,Shoes,Casual Shoes,Khaki,Summer,2012.0,Casual,Vans Men Khaki Shoes
9660,Men,Apparel,Topwear,Shirts,Pink,Fall,2011.0,Casual,Indigo Nation Men Reversible Bling Pink Shirts
2288,Women,Apparel,Topwear,Tshirts,Black,Fall,2010.0,Sports,Nike Women Black T-shirt
23876,Men,Apparel,Topwear,Sweatshirts,Blue,Fall,2011.0,Casual,ADIDAS Men Blue Sweatshirt
18237,Men,Apparel,Topwear,Tshirts,Red,Fall,2011.0,Casual,Manchester United Men Solid Red Tshirt
54118,Women,Footwear,Shoes,Heels,Black,Winter,2012.0,Casual,Rocia Women Black Flats
2872,Women,Footwear,Shoes,Heels,Brown,Winter,2015.0,Casual,Catwalk Women Leather Flats
49653,Women,Apparel,Topwear,Tops,Green,Summer,2012.0,Casual,Mineral Women Green Top
8574,Women,Footwear,Sandal,Sandals,Pink,Fall,2011.0,Casual,Crocs Dora Boots Pink Sandals
16957,Men,Accessories,Eyewear,Sunglasses,Black,Winter,2016.0,Casual,Image Men Sunglasses
19123,Men,Footwear,Flip Flops,Flip Flops,Silver,Fall,2011.0,Casual,Lotto Men XL Water Man Silver Slippers
13419,Men,Apparel,Topwear,Tshirts,Pink,Summer,2011.0,Casual,United Colors of Benetton Men Solid Pink Polo T-shirts
43369,Men,Footwear,Flip Flops,Flip Flops,Black,Summer,2013.0,Casual,Reebok Men Black Possession Flip Flops
48781,Women,Accessories,Jewellery,Pendant,Silver,Summer,2012.0,Casual,Lucera Women Silver Pendant
44970,Men,Accessories,Watches,Watches,White,Winter,2016.0,Casual,Maxima Men White Dial Analog Chronograph Watch
56489,Women,Personal Care,Nails,Nail Polish,Bronze,Spring,2017.0,,Streetwear Ash Nail Polish # 31
39524,Unisex,Accessories,Bags,Laptop Bag,Orange,Summer,2012.0,Casual,Peter England Unisex Orange Sleeve Bag
33822,Men,Footwear,Shoes,Sports Shoes,White,Summer,2012.0,Sports,Puma Men Axis White & Grey Sports Shoes
58513,Women,Apparel,Topwear,Tops,Off White,Summer,2012.0,Casual,Tonga Women Maroon Top
25947,Women,Accessories,Scarves,Scarves,Brown,Summer,2012.0,Casual,Femella Women Brown Scarf
52029,Unisex,Apparel,Topwear,Rain Jacket,Coffee Brown,Summer,2012.0,,Just Natural Unisex Charcoal Rain Jacket
5865,Men,Apparel,Topwear,Tshirts,Black,Summer,2011.0,Casual,ADIDAS Men's Twelve Faster T-shirt
39716,Women,Apparel,Dress,Dresses,Blue,Summer,2012.0,Casual,Arrow Woman Women Blue Dress
11940,Men,Footwear,Sandal,Sandals,Black,Summer,2011.0,Casual,Ganuchi Men Casual Black Sandals
55802,Women,Apparel,Loungewear and Nightwear,Night suits,White,Summer,2017.0,Casual,SDL by Sweet Dreams Women Green Printed Night Suit S11-3124
29584,Men,Apparel,Topwear,Tshirts,Black,Summer,2012.0,Casual,Indigo Nation Men Printed Black T-shirt
43967,Women,Personal Care,Fragrance,Perfume and Body Mist,Red,Spring,2017.0,Casual,DKNY Women Red Delicious Perfume
28456,Women,Apparel,Bottomwear,Skirts,Blue,Summer,2012.0,Sports,Urban Yoga Women Blue Skirt With Leggings
34009,Girls,Apparel,Topwear,Tops,Black,Summer,2012.0,Casual,Gini and Jony Girls Black Top
19311,Men,Footwear,Shoes,Casual Shoes,White,Fall,2011.0,Casual,Nike Men Air Rift MTR White Casual Shoe
42089,Men,Footwear,Shoes,Sports Shoes,White,Summer,2012.0,Sports,ADIDAS Men White Corona Sports Shoes
22950,Unisex,Accessories,Watches,Watches,Black,Winter,2016.0,Casual,Fastrack Unisex Black Dial Watch 9915PP13
49461,Men,Footwear,Shoes,Casual Shoes,Blue,Summer,2012.0,Casual,Vans Men Blue Era Scilla Plaid Shoes
8746,Unisex,Footwear,Flip Flops,Flip Flops,Navy Blue,Summer,2015.0,Casual,Crocs Kids Navy Blue Clogs
9694,Men,Apparel,Topwear,Tshirts,White,Fall,2011.0,Casual,Classic Polo Men Vulcan White Polo Tshirts
23882,Men,Footwear,Shoes,Sports Shoes,Grey,Fall,2011.0,Sports,Fila Men Destiny Grey Sports Shoes
34835,Men,Footwear,Shoes,Sports Shoes,Blue,Summer,2012.0,Sports,ADIDAS Men Blue Chill Sports Shoes
15984,Men,Apparel,Topwear,Shirts,Yellow,Fall,2011.0,Casual,Turtle Check Men Yellow Shirt
41268,Men,Accessories,Wallets,Wallets,Black,Summer,2012.0,Casual,Arrow Men Black Wallet
11518,Women,Footwear,Shoes,Heels,Grey,Winter,2015.0,Casual,Catwalk Women Gun Metal Grey Heels
14856,Women,Accessories,Wallets,Wallets,Beige,Summer,2011.0,Casual,United Colors of Benetton Women Solid Beige Wallets
33648,Men,Footwear,Sandal,Sandals,Brown,Summer,2012.0,Casual,Lotto Men Ridge Brown Sandals
59297,Men,Apparel,Topwear,Shirts,White,Fall,2012.0,Casual,U.S. Polo Assn. Men White & Navy Blue Shirt
27846,Women,Apparel,Topwear,Blazers,Charcoal,Summer,2012.0,Formal,Scullers For Her Charcoal Blazer
26994,Women,Apparel,Bottomwear,Jeans,Black,Summer,2012.0,Casual,Jealous 21 Women Black Jeans
49839,Women,Footwear,Flip Flops,Flip Flops,Red,Winter,2012.0,Casual,iPanema Women Red Flip Flops
31923,Women,Accessories,Bags,Handbags,Blue,Summer,2012.0,Casual,Fabindia Women Blue Silk Sling Bag
2618,Women,Footwear,Shoes,Flats,Silver,Spring,2010.0,Casual,Carlton London Women Silver Wedge Sandal
54588,Women,Apparel,Topwear,Kurtas,Green,Summer,2012.0,Ethnic,Sushilas Women Printed Green Kurta
49005,Women,Accessories,Jewellery,Ring,Silver,Summer,2012.0,Casual,Lucera Women Silver Ring
8322,Boys,Apparel,Topwear,Tshirts,Blue,Fall,2011.0,Casual,Doodle Boy's Route 66 Biker Blue Teen Kidswear
13841,Unisex,Accessories,Watches,Watches,White,Winter,2016.0,Casual,ADIDAS Unisex Three Small Dials White Watches
28200,Men,Accessories,Eyewear,Sunglasses,Copper,Winter,2016.0,Casual,Ray-Ban Men Active Lifestyle Copper Sunglasses
12993,Unisex,Footwear,Shoes,Sports Shoes,Black,Fall,2011.0,Sports,ADIDAS Kids Adispeed Black Sports Shoes
7158,Men,Apparel,Topwear,Shirts,Green,Fall,2011.0,Casual,Scullers Men  Green Check Shirt
18495,Men,Footwear,Sandal,Sandals,White,Fall,2011.0,Casual,Puma Men Fashion Cat White Slipper
8110,Men,Accessories,Watches,Watches,Black,Winter,2016.0,Casual,Fastrack Men Economy 2 Analg Black Watch
19547,Men,Apparel,Topwear,Sweatshirts,Blue,Fall,2011.0,Casual,United Colors of Benetton Men Solid Blue Sweatshirt
7964,Men,Apparel,Topwear,Tshirts,Black,Fall,2011.0,Sports,Puma Men's Large Logo Graphic Black T-shirt
36934,Women,Personal Care,Fragrance,Perfume and Body Mist,Gold,Spring,2017.0,Casual,Giorgio Armani Women Idole Perfume
39140,Women,Apparel,Apparel Set,Kurta Sets,Black,Summer,2012.0,Ethnic,Aneri Women Black & Maroon Salwar Suit
20851,Women,Accessories,Bags,Clutches,Red,Winter,2015.0,Casual,Spice Art Women Ribbon Embroidery Red Clutch
41866,Men,Footwear,Sandal,Sandals,Beige,Fall,2015.0,Casual,Estd. 1977 Men Beige & Green Sandals
58177,Women,Accessories,Bags,Handbags,Brown,Summer,2012.0,Casual,Rocky S Women Brown Handbag
44528,Men,Footwear,Sandal,Sandals,Black,Summer,2012.0,Casual,Coolers Men Black Sandals
16392,Men,Apparel,Topwear,Shirts,Red,Fall,2011.0,Casual,Levis Men Check Red Shirts
51455,Women,Apparel,Topwear,Shrug,Pink,Summer,2012.0,Casual,Tonga Women Pink Printed Shrug
17240,Men,Apparel,Topwear,Tshirts,Black,Fall,2011.0,Casual,U.S. Polo Assn. Men Stripes Black  Polo Tshirt
47530,Women,Footwear,Shoes,Flats,Copper,Winter,2012.0,Casual,Portia Women Copper-Toned & Brown Sandals
6617,Men,Apparel,Topwear,Shirts,Black,Summer,2011.0,Casual,Spykar Men Black and white Check Shirt
12732,Unisex,Accessories,Bags,Backpacks,Black,Fall,2011.0,Sports,Nike Unisex Swoosh Black Backpack
3365,Men,Apparel,Topwear,Tshirts,Black,Summer,2011.0,Casual,Myntra Men's Brain Black T-shirt
42042,Men,Footwear,Shoes,Sports Shoes,White,Summer,2012.0,Sports,Nike Men Air Relentless 2 MSL White Sports Shoes
23849,Men,Footwear,Shoes,Casual Shoes,Black,Fall,2011.0,Casual,ADIDAS Men Black Anzo Breeze Casual Shoes
43190,Women,Accessories,Watches,Watches,White,Winter,2016.0,Casual,Fastrack Women White Dial Watch
48578,Men,Accessories,Jewellery,Bracelet,Steel,Summer,2012.0,Casual,Revv Men Steel Bracelet
18208,Men,Accessories,Headwear,Caps,White,Fall,2011.0,Casual,Manchester United Men Solid White Cap
54127,Women,Footwear,Shoes,Heels,Black,Winter,2012.0,Casual,Rocia Women Black Heels
10065,Men,Apparel,Topwear,Tshirts,Yellow,Fall,2011.0,Casual,Puma Men ducati logo tee Yellow Tshirts
24250,Men,Footwear,Shoes,Casual Shoes,White,Fall,2012.0,Casual,Numero Uno Men White Casual Shoes
32335,Men,Accessories,Watches,Watches,Silver,Winter,2016.0,Casual,Q&Q Men Silver-Toned Dial Analogue Watch Q252J404Y
56670,Men,Accessories,Watches,Watches,Black,Winter,2016.0,Casual,Maxima Men Black Dial Watch
5092,Men,Apparel,Topwear,Tshirts,Purple,Summer,2011.0,Casual,Wrangler Men's Minstrel Shoulder Loop Purple T-shirt
10859,Men,Apparel,Topwear,Tshirts,Navy Blue,Fall,2011.0,Casual,Wrangler Men Furious Rides Navy Blue T-Shirts
59638,Women,Apparel,Saree,Sarees,Green,Fall,2012.0,Ethnic,FNF Green Wedding Collection Sari
15517,Men,Footwear,Shoes,Casual Shoes,Red,Fall,2011.0,Casual,Rockport Men LLandro Red Casual Shoes
4140,Women,Footwear,Shoes,Casual Shoes,Green,Winter,2015.0,Casual,Skechers Women Green Shoe
36795,Men,Accessories,Watches,Watches,Silver,Winter,2016.0,Casual,Maxima Men Ssteele Silver Dial Watch
40527,Men,Accessories,Watches,Watches,Gold,Winter,2016.0,Casual,Titan Men Gold Dial Watch
10257,Men,Apparel,Bottomwear,Trousers,Black,Fall,2011.0,Formal,John Miller Men Solid Type Black Trousers
24062,Men,Apparel,Topwear,Tshirts,Navy Blue,Summer,2012.0,Casual,Locomotive Men Navy Blue Printed T-shirt
45869,Men,Accessories,Watches,Watches,Brown,Winter,2016.0,Casual,Maxima Men Brown Dial Watch
11385,Women,Apparel,Topwear,Sweatshirts,Black,Fall,2011.0,Casual,United Colors Of Benetton Women Light Winter Black Sweatshirts
53130,Women,Footwear,Shoes,Flats,Brown,Winter,2015.0,Casual,Catwalk Women Brown Sandals
44187,Women,Personal Care,Fragrance,Perfume and Body Mist,White,Spring,2017.0,Casual,Nike Fragrances Women 5th Element Perfume 150 ml
21510,Women,Accessories,Bags,Handbags,White,Winter,2015.0,Casual,Kiara Women Graphiti White Handbag
51667,Men,Accessories,Eyewear,Sunglasses,Grey,Winter,2016.0,Casual,Louis Philippe Men Grey Sunglasses
22395,Men,Apparel,Topwear,Shirts,Blue,Fall,2011.0,Casual,Mark Taylor Men Striped Blue Shirt
35322,Women,Accessories,Jewellery,Earrings,Silver,Winter,2016.0,Ethnic,Fabindia Women Anusuya Silver Earrings
6425,Unisex,Footwear,Shoes,Casual Shoes,Black,Summer,2011.0,Casual,Lotto Unisex Canvas Black Check Shoe
18806,Men,Accessories,Belts,Belts,Tan,Summer,2011.0,Casual,Peter England Men Casual Tan Belt
23247,Men,Footwear,Shoes,Formal Shoes,Black,Fall,2011.0,Formal,Arrow Men Formal Black Shoe
17072,Women,Accessories,Belts,Belts,Grey,Winter,2015.0,Casual,Lino Perros Women Weaved  Grey Belt
31782,Women,Apparel,Topwear,Tops,Blue,Summer,2012.0,Casual,Lee Women Paula Blue Top
42270,Unisex,Footwear,Shoes,Casual Shoes,Black,Summer,2012.0,Casual,Vans Unisex Black & Grey Classic Shoes
12500,Men,Apparel,Topwear,Shirts,Black,Fall,2011.0,Casual,United Colors of Benetton Men Short Black Shirts
26735,Men,Personal Care,Fragrance,Deodorant,Black,Spring,2017.0,Casual,Reebok Men Pack of 2 Pirates of the Caribbean Deos
30650,Men,Apparel,Topwear,Tshirts,Black,Summer,2012.0,Casual,Nike Men Printed Black T-shirt
56026,Women,Personal Care,Lips,Lipstick,Brown,Spring,2017.0,Casual,Colorbar Soft Touch Mousse Lipstick 025
21948,Women,Accessories,Bags,Handbags,Brown,Winter,2015.0,Casual,Murcia Women Casual Brown Handbag
32563,Women,Apparel,Bottomwear,Trousers,Blue,Summer,2012.0,Casual,ONLY Women directoire blue Trousers
58980,Women,Personal Care,Fragrance,Deodorant,Pink,Spring,2017.0,Casual,Colour me Women Flowers Deo
40143,Girls,Apparel,Topwear,Tops,Blue,Summer,2012.0,Casual,Gini and Jony Girls Pretty Blossom Blue Top
10633,Men,Footwear,Shoes,Formal Shoes,Brown,Fall,2011.0,Formal,Carlton London Men Formal Brown Formal Shoes
24406,Women,Apparel,Topwear,Kurtas,Red,Summer,2012.0,Ethnic,Vishudh Women Red Printed Kurta
4716,Unisex,Accessories,Watches,Watches,Black,Winter,2016.0,Sports,ADIDAS Unisex Response ST Analogue Black Watch
21174,Women,Apparel,Topwear,Tops,Beige,Fall,2011.0,Casual,s.Oliver Women Stripes Beige Top
15341,Women,Apparel,Bottomwear,Shorts,Pink,Fall,2011.0,Sports,Nike Women Solid Pink Shorts
14293,Men,Apparel,Topwear,Tshirts,Blue,Fall,2011.0,Casual,Classic Polo Men Stripes Blue Tshirts
47366,Women,Accessories,Bags,Handbags,Blue,Summer,2012.0,Casual,Baggit Women Blue Bag
6041,Men,Apparel,Topwear,Tshirts,Navy Blue,Summer,2011.0,Casual,UCB Men's Polo Neck With Lion Logo Navy Blue T-shirt
23623,Girls,Apparel,Topwear,Tops,Pink,Fall,2011.0,Casual,Doodle Kids Girls Pink I love Shopping Top
17416,Men,Footwear,Shoes,Sports Shoes,Black,Fall,2011.0,Sports,Lotto Men Atlantica Black Sports Shoe
9835,Women,Apparel,Topwear,Tshirts,Grey,Fall,2011.0,Casual,Little Miss Women Printed Grey T-shirt
29319,Unisex,Accessories,Bags,Backpacks,Red,Summer,2012.0,Casual,ADIDAS Unisex Chicago Bulls Red Backpack
7193,Women,Apparel,Bottomwear,Jeans,Black,Fall,2011.0,Casual,Jealous 21 Women Black Jegging
12958,Men,Footwear,Shoes,Sports Shoes,Black,Fall,2011.0,Sports,ADIDAS Men Sports Black Sports Shoes
27283,Women,Apparel,Topwear,Kurtas,Magenta,Fall,2011.0,Ethnic,Mother Earth Women Magenta Kurta
30234,Men,Footwear,Flip Flops,Flip Flops,Black,Summer,2012.0,Casual,Numero Uno Men Black Flip Flops
9009,Women,Accessories,Bags,Handbags,Brown,Winter,2015.0,Casual,Murcia Women Snake Print Bag Brown Handbags
3533,Men,Apparel,Topwear,Tshirts,Navy Blue,Summer,2011.0,Casual,Myntra Men's If You Don't Like Navy Blue T-shirt
42614,Women,Accessories,Jewellery,Jewellery Set,Gold,Winter,2016.0,Casual,Estelle Women Earrings & Pendant Set
12164,Women,Apparel,Topwear,Dupatta,Orange,Fall,2011.0,Ethnic,Aurelia Women Voile Orange Dupatta
26351,Women,Accessories,Watches,Watches,White,Winter,2016.0,Casual,DKNY Women White Dial Watch NY8472
17624,Men,Apparel,Bottomwear,Track Pants,Navy Blue,Fall,2011.0,Sports,ADIDAS Men Solid Navy Blue Track Pant
47154,Girls,Apparel,Bottomwear,Capris,Black,Summer,2012.0,Casual,Gini and Jony Girls Black Capris
35574,Men,Footwear,Flip Flops,Flip Flops,Red,Summer,2013.0,Casual,Gliders Men Esquire Red Flip Flops
46086,Women,Footwear,Shoes,Sports Shoes,Lavender,Summer,2012.0,Sports,ADIDAS Women Lavender Hagkok Sports Shoes
13284,Men,Apparel,Bottomwear,Shorts,Black,Fall,2011.0,Casual,Gini and Jony Kids Boys Solid Black Shorts
54543,Men,Footwear,Shoes,Sports Shoes,White,Fall,2012.0,Casual,F Sports Men White Outlander Sports Shoes
55491,Women,Personal Care,Lips,Lip Gloss,Brown,Spring,2017.0,Casual,Revlon Gold Dust Poussiere Doree Colorburst Lip Gloss 024
26163,Men,Apparel,Bottomwear,Trousers,Grey,Summer,2012.0,Formal,John Miller Men Dark Grey Trousers
3701,Women,Apparel,Topwear,Tshirts,Black,Summer,2011.0,Casual,Tantra Women Flower Heart Black Long T-shirt
29917,Men,Accessories,Watches,Watches,White,Winter,2016.0,Casual,Police Men White Dial Watch PL12698JS
42426,Women,Apparel,Topwear,Kurtas,Sea Green,Summer,2012.0,Ethnic,Aurelia Women Sea Green Kurta
32751,Men,Footwear,Shoes,Casual Shoes,Black,Summer,2012.0,Casual,FILA Men Liga II Black Shoes
56214,Women,Accessories,Jewellery,Earrings,Gold,Winter,2016.0,Casual,Estelle Women Gold Earrings
10401,Women,Apparel,Topwear,Tops,Purple,Fall,2011.0,Casual,Jealous 21 Women Uaine Purple Tops
40371,Women,Apparel,Bottomwear,Jeans,Navy Blue,Summer,2012.0,Casual,Tokyo Talkies Women Navy Slim Fit Jeans
21346,Men,Accessories,Eyewear,Sunglasses,Gold,Winter,2016.0,Casual,Pal Zileri Men Casual Gold Frame Sunglasses
45603,Men,Footwear,Shoes,Formal Shoes,Black,Summer,2012.0,Formal,Arrow Men Black Formal Shoes
4524,Men,Footwear,Shoes,Sports Shoes,Black,Summer,2011.0,Sports,Puma Men's YugoRun Black White Shoe
37223,Women,Apparel,Topwear,Tops,Blue,Summer,2012.0,Casual,United Colors of Benetton Women Blue Top
53766,Men,Apparel,Topwear,Tshirts,White,Summer,2012.0,Casual,Puma Men White and Navy Blue T-shirt
25520,Girls,Apparel,Topwear,Tops,White,Fall,2011.0,Casual,Doodle Kids Girls City Chic White Top
32597,Women,Apparel,Topwear,Tops,Black,Summer,2012.0,Casual,ONLY Women Black Top
58974,Men,Personal Care,Fragrance,Deodorant,Gold,Spring,2017.0,Casual,Colour me Men Gold Deo
33445,Women,Accessories,Wallets,Wallets,Black,Summer,2012.0,Casual,Baggit Women Lamboo Mayur Black Wallet
57100,Women,Apparel,Topwear,Tops,Pink,Summer,2012.0,Casual,Elle Women Dark Pink Top
36137,Women,Footwear,Shoes,Sports Shoes,Pink,Summer,2012.0,Sports,Nike Women Free Run Pink Sports Shoes
41859,Men,Footwear,Sandal,Sandals,Black,Summer,2016.0,Casual,Estd. 1977 Men Black Sandals
21180,Men,Footwear,Flip Flops,Flip Flops,Black,Summer,2011.0,Casual,ADIDAS Men Adi Cells Black Flip Flops
39943,Men,Footwear,Shoes,Casual Shoes,Brown,Summer,2013.0,Casual,GAS Men Brown Count Casual Shoes
52472,Women,Apparel,Loungewear and Nightwear,Bath Robe,Pink,Winter,2015.0,Casual,Red Rose Women White & Pink Polka Dot Print Bath Robe
58148,Unisex,Accessories,Headwear,Caps,White,Fall,2012.0,Casual,Puma Unisex White Cap
20052,Women,Accessories,Mufflers,Mufflers,Yellow,Fall,2011.0,Casual,United Colors Of Benetton Women Yellow Muffler
5630,Women,Footwear,Flip Flops,Flip Flops,Blue,Summer,2011.0,Casual,ADIDAS Women's Adi Groove Blue Flip Flop
44517,Men,Footwear,Flip Flops,Flip Flops,Brown,Summer,2013.0,Casual,Coolers Men Brown Pokar Flip Flops
47392,Women,Accessories,Bags,Handbags,Beige,Fall,2012.0,Casual,Baggit Women Beige Bag
50325,Women,Apparel,Topwear,Kurtas,Navy Blue,Summer,2012.0,Ethnic,Aurelia Women Navy Blue Kurta
8913,Men,Footwear,Shoes,Sports Shoes,White,Fall,2011.0,Sports,Puma Men Cabana Racer Sketch White Sports Shoes
16530,Men,Apparel,Topwear,Shirts,Red,Fall,2011.0,Casual,Locomotive Men Check Red Shirt
22705,Men,Footwear,Shoes,Casual Shoes,White,Fall,2011.0,Casual,Nike Men White Capri II Casual Shoe
7167,Men,Apparel,Topwear,Shirts,Purple,Fall,2011.0,Casual,Scullers Men Scul Purple White Shirt
46240,Women,Apparel,Topwear,Tunics,White,Summer,2012.0,Casual,Fusion Beats Women White Printed Tunic
27277,Women,Apparel,Topwear,Kurtas,Green,Fall,2011.0,Ethnic,Mother Earth Women Blue Kurta
13042,Women,Footwear,Shoes,Flats,Brown,Winter,2012.0,Casual,Inc 5 Women Brown Heels
6889,Women,Apparel,Topwear,Jackets,Cream,Summer,2011.0,Casual,Forever New Women Stone Cream Jacket
31312,Women,Apparel,Topwear,Kurtas,Peach,Summer,2012.0,Ethnic,W Women Peach Kurta
12190,Men,Apparel,Topwear,Shirts,Blue,Fall,2011.0,Casual,Basics Men Blue Slim Fit Checked Shirt
55657,Women,Footwear,Shoes,Heels,Gold,Winter,2015.0,Casual,Catwalk Women Golden Wedges
19578,Women,Apparel,Topwear,Tops,Purple,Summer,2011.0,Casual,United Colors of Benetton Women Solid Purple Top
27879,Women,Apparel,Topwear,Tops,Blue,Summer,2012.0,Casual,Scullers For Her Women Blue Top
34452,Women,Footwear,Shoes,Flats,Copper,Winter,2012.0,Casual,Rocia Women Copper Sandals
6287,Men,Apparel,Topwear,Tshirts,Yellow,Summer,2011.0,Casual,Classic Polo Men's Swiss Yellow T-shirt
7355,Men,Apparel,Topwear,Tshirts,Navy Blue,Fall,2011.0,Casual,Tantra Men's Black Sabbath Navy T-shirt
46072,Men,Accessories,Belts,Belts,Black,Summer,2012.0,Casual,Lino Perros Men Black Leather Belt
22537,Men,Footwear,Sandal,Sandals,Tan,Summer,2013.0,Casual,Gas Men Eldorado Tan Casual  Sandals
43500,Men,Apparel,Topwear,Tshirts,White,Summer,2012.0,Casual,French Connection Men White T-shirt
2627,Women,Footwear,Shoes,Flats,Silver,Fall,2010.0,Casual,Carlton London Women Wedge Silver Sandal
27045,Women,Accessories,Bags,Clutches,Off White,Summer,2012.0,Casual,Yelloe Off White Fur Zip Clutch
13270,Women,Apparel,Topwear,Tops,White,Fall,2011.0,Casual,Palm Tree Kids Girls Printed White Tops
55465,Women,Personal Care,Lips,Lipstick,Red,Spring,2017.0,Casual,Revlon Super Lusterous Lipstick 304
26197,Men,Personal Care,Fragrance,Perfume and Body Mist,Green,Spring,2017.0,Casual,Formula 1 Go Men Perfume
31120,Girls,Apparel,Topwear,Tops,Pink,Summer,2012.0,Casual,Palm Tree Girls Pink Top
25712,Unisex,Accessories,Headwear,Caps,Blue,Summer,2012.0,Sports,ADIDAS Unisex Blue Cap
11527,Men,Apparel,Topwear,Tshirts,Olive,Fall,2011.0,Casual,United Colors of Benetton Men Olive Tshirts
14869,Men,Accessories,Wallets,Wallets,Black,Summer,2011.0,Casual,United Colors of Benetton Men Solid Black Wallets
40385,Women,Apparel,Topwear,Tops,Yellow,Summer,2012.0,Casual,Tokyo Talkies Women Yellow Top
15187,Men,Apparel,Topwear,Tshirts,White,Fall,2011.0,Casual,Arrow Sport Men Solid White Polo Tshirts
5402,Women,Footwear,Shoes,Sports Shoes,Purple,,2011.0,Sports,Kalenji Ekiden 200 Wn Purple 2011
44725,Women,Footwear,Flip Flops,Flip Flops,Orange,Summer,2012.0,Casual,Lotto Women Coral Elegant Flip Flops
14055,Men,Apparel,Topwear,Shirts,Green,Fall,2011.0,Casual,Flying Machine Men Check Green Shirts
20260,Men,Apparel,Topwear,Tshirts,Navy Blue,Fall,2011.0,Casual,Wrangler Men Applique Navy Blue Tshirt
7731,Men,Footwear,Flip Flops,Flip Flops,Grey,Winter,2011.0,Casual,Puma Men's Winglet II Grey Yellow White Flip Flop
22153,Men,Footwear,Sandal,Sandals,Brown,Summer,2011.0,Casual,Lee Cooper Men Brown Casual Sandals
43958,Men,Footwear,Sandal,Sandals,Olive,Fall,2012.0,Casual,Puma Men Olive Techno Ind Sandal
28469,Women,Apparel,Topwear,Tshirts,Pink,Summer,2012.0,Casual,Urban Yoga Women Printed Pink T-shirt
34036,Boys,Apparel,Topwear,Shirts,Blue,Summer,2012.0,Casual,Palm Tree Boys Check Blue Shirt
55001,Women,Personal Care,Lips,Lipstick,Pink,Spring,2017.0,,Lakme Absolute Lip Last Day Kiss Lip Colour
8779,Men,Apparel,Topwear,Shirts,Navy Blue,Fall,2011.0,Casual,Indigo Nation Men Club Satin Hot Stepper Navy Blue Shirt
3391,Women,Accessories,Bags,Handbags,White,Winter,2015.0,Casual,Murcia Women White With Stitch Bag
43164,Men,Accessories,Watches,Watches,Black,Winter,2016.0,Casual,Fastrack Men Black Watch
2243,Men,Apparel,Topwear,Tshirts,White,Fall,2010.0,Sports,ADIDAS Men Stripe Polo White Polo T-shirt
27421,Women,Apparel,Loungewear and Nightwear,Lounge Pants,Blue,Winter,2015.0,Casual,Jockey Women Blue Lounge Pants
57756,Women,Personal Care,Skin Care,Face Wash and Cleanser,Green,Spring,2017.0,Casual,Lotus Herbals Neem & Clove Purifying Face Wash
33213,Women,Apparel,Topwear,Tops,Magenta,Summer,2012.0,Casual,Sepia Women Printed Magenta Top
39729,Women,Apparel,Topwear,Tops,Olive,Summer,2012.0,Casual,Arrow Woman Olive Top
11143,Men,Apparel,Topwear,Shirts,Black,Fall,2011.0,Casual,Scullers Men Price Catch Black Shirts
56684,Women,Apparel,Saree,Sarees,Beige,Fall,2012.0,Ethnic,Fabindia Beige & Maroon Mull Printed Saree
4988,Women,Apparel,Dress,Dresses,White,Summer,2011.0,Casual,Gini and Jony Girl's Vanya White Polka Dot Kidswear
44341,Men,Apparel,Topwear,Tshirts,Blue,Summer,2012.0,Casual,Indian Terrain Men Blue T-shirt
14431,Women,Footwear,Shoes,Heels,Black,Summer,2012.0,Casual,Enroute Women Casual Black Flats
20604,Women,Accessories,Bags,Handbags,Brown,Winter,2015.0,Casual,Baggit Women Umbrella Dum Brown Handbag
52224,Women,Accessories,Jewellery,Necklace and Chains,Silver,Summer,2012.0,Casual,Lencia Grey Swarovski Pearl Necklace
45293,Women,Accessories,Watches,Watches,Red,Winter,2016.0,Casual,CASIO SHEEN Women Red Dial Watch SX017
36761,Men,Accessories,Watches,Watches,Black,Winter,2016.0,Casual,Maxima Men Black Watch
33021,Women,Apparel,Topwear,Kurtas,Cream,Summer,2012.0,Ethnic,Mother Earth Women Printed Cream Kurta
25144,Women,Accessories,Bags,Handbags,Orange,Winter,2015.0,Casual,Lino Perros Women Leatherite Orange Handbag
11371,Men,Apparel,Topwear,Shirts,Black,Fall,2011.0,Casual,United Colors Of Benetton Men Summer Black Shirts
41401,Women,Apparel,Topwear,Tops,White,Summer,2012.0,Casual,Wrangler Women White Smocked Top
14603,Men,Accessories,Socks,Socks,Grey,Summer,2011.0,Casual,United Colors of Benetton Men Pack of 2 Grey Socks
37481,Women,Accessories,Watches,Watches,White,Winter,2016.0,Casual,Esprit Women White Dial Watch
5254,Unisex,Accessories,Bags,Duffel Bag,Red,Winter,2015.0,Casual,Wildcraft Unisex Red Duffle Bag
44173,Women,Personal Care,Fragrance,Perfume and Body Mist,Pink,Spring,2017.0,Casual,Nike Fragrances Women Trendy Perfume 75ml
25978,Women,Personal Care,Fragrance,Perfume and Body Mist,Pink,Spring,2017.0,Casual,J.Del Pozo Halloween Kiss Sexy Women Perfume
4386,Men,Apparel,Topwear,Tshirts,Grey,Summer,2011.0,Casual,Wrangler Cowboy Photo T-shirt
51693,Unisex,Accessories,Eyewear,Sunglasses,Brown,Winter,2016.0,Casual,Van Heusen Unisex Brown Sunglasses
16154,Men,Footwear,Shoes,Formal Shoes,Black,Fall,2011.0,Formal,Enroute Men Leather Black Formal Shoes
22361,Men,Footwear,Sandal,Sports Sandals,Navy Blue,Summer,2012.0,Casual,Reebok Men Navy Twist Sandals
29789,Men,Apparel,Topwear,Tshirts,Pink,Summer,2013.0,Casual,Basics Men Pack of 3 T-shirt
19920,Unisex,Accessories,Bags,Backpacks,Black,Winter,2015.0,Casual,Wildcraft Unisex Black Outdoor Backpack
7503,Men,Apparel,Topwear,Tshirts,Blue,Summer,2011.0,Sports,Nike Men's As Icon Blue T-shirt
46624,Men,Personal Care,Fragrance,Deodorant,Grey,Spring,2017.0,Casual,Rasasi Men Emotion Deo and Perfume Set
34204,Men,Apparel,Bottomwear,Track Pants,Navy Blue,Fall,2013.0,Casual,Proline Men Navy Track Pants
17086,Women,Accessories,Wallets,Wallets,Orange,Winter,2015.0,Casual,Lino Perros Women Blue Zip Orange Wallet
50741,Men,Footwear,Shoes,Casual Shoes,Black,Winter,2018.0,Casual,Red Chief Men Black Shoes
55233,Women,Personal Care,Makeup,Foundation and Primer,Skin,Summer,2019.0,Casual,Lakme Nine to Five Flawless Makeup Shell Foundation
13426,Men,Apparel,Topwear,Tshirts,Red,Summer,2011.0,Casual,United Colors of Benetton Men Stripes Red  Polo T-shirts
43356,Women,Footwear,Shoes,Sports Shoes,Charcoal,Summer,2012.0,Sports,Reebok Women Charcoal Grey Fuel Techno Sports Shoes
28207,Men,Accessories,Eyewear,Sunglasses,Black,Winter,2016.0,Casual,Ray-Ban Men Active Lifestyle Black Sunglasses
13846,Men,Apparel,Topwear,Shirts,Blue,Fall,2011.0,Casual,John Miller Men Stripes Blue Shirts
12994,Boys,Footwear,Shoes,Sports Shoes,Black,Fall,2011.0,Sports,ADIDAS Kids Boys Duramo Synthetic Black Sports Shoes
46278,Women,Apparel,Topwear,Tunics,Red,Summer,2012.0,Casual,109F Women Red & White Striped Tunic
16508,Men,Apparel,Bottomwear,Jeans,Blue,Fall,2011.0,Casual,Locomotive Men Washed Blue Jeans
18492,Men,Footwear,Flip Flops,Flip Flops,Blue,Fall,2011.0,Casual,Puma Men Danny Blue Slipper
19540,Men,Apparel,Topwear,Sweaters,Blue,Summer,2011.0,Casual,United Colors of Benetton Men Solid Blue Sweater
7963,Men,Apparel,Topwear,Tshirts,White,Fall,2011.0,Sports,Puma Men's Large Logo Graphic White French T-shirt
8117,Men,Accessories,Watches,Watches,Black,Winter,2016.0,Casual,Fastrack Men New Analog Black Navy Watch
49230,Men,Accessories,Socks,Socks,Black,Summer,2016.0,Casual,Calzini Men Pack of 5 Sports Socks
39147,Women,Apparel,Apparel Set,Kurta Sets,Purple,Fall,2012.0,Ethnic,Aneri Women Purple Salwar Suit
36933,Women,Personal Care,Fragrance,Perfume and Body Mist,Purple,Spring,2017.0,Casual,Bulgari Women Omnia Perfume
57138,Women,Apparel,Bottomwear,Trousers,Brown,Summer,2012.0,Casual,Elle Women Brown Trousers
20856,Men,Footwear,Shoes,Casual Shoes,Black,Fall,2011.0,Casual,United Colors of Benetton Men Casual Black Shoes
41861,Men,Footwear,Sandal,Sandals,Black,Summer,2016.0,Casual,Estd. 1977 Men Black Sandals
5608,Men,Footwear,Sandal,Sandals,Black,Summer,2011.0,Casual,ADIDAS Men Kendall Black Navy Floater
58170,Women,Accessories,Bags,Clutches,Red,Fall,2012.0,Casual,Rocky S Women Red Clutch
53598,Men,Free Items,Free Gifts,Free Gifts,Black,Winter,2016.0,Sports,Q&Q Men Black Digital Watch
15983,Men,Apparel,Topwear,Shirts,Burgundy,Fall,2011.0,Casual,Turtle Solid Men  Burgundy Shirt
39375,Women,Accessories,Watches,Watches,Silver,Winter,2016.0,Casual,Helix Women Silver Dial Watch
14851,Women,Accessories,Wallets,Wallets,Coffee Brown,Summer,2011.0,Casual,United Colors of Benetton Women Solid Coffee Brown Wallets
59290,Men,Accessories,Watches,Watches,Black,Winter,2016.0,Casual,Titan Men Black Dial Watch
52678,Men,Accessories,Watches,Watches,Black,Winter,2016.0,Casual,Morellato Men Black Watch
20258,Men,Apparel,Topwear,Tshirts,Brown,Fall,2011.0,Casual,Wrangler Men Polo Charcoal T-shirt
47198,Men,Footwear,Sandal,Sandals,Brown,Summer,2012.0,Casual,Franco Leone Men Brown Sandals
27841,Men,Accessories,Belts,Belts,White,Summer,2012.0,Casual,Bulchee Men Plain Jeans White Belt
31924,Women,Accessories,Bags,Handbags,Black,Summer,2012.0,Casual,Fabindia Women Black Silk Handbag
26993,Women,Apparel,Bottomwear,Jeans,Blue,Summer,2012.0,Casual,Jealous 21 Women Washed Blue Jeans
13248,Men,Apparel,Bottomwear,Trousers,Brown,Fall,2011.0,Casual,Palm Tree Kids Boy Solid Brown Trousers
43538,Women,Apparel,Topwear,Tops,Blue,Summer,2012.0,Casual,French Connection Women Blue Top
8325,Boys,Apparel,Topwear,Tshirts,Yellow,Fall,2011.0,Casual,Doodle Boy's Athletic 77 Dept Yellow Teen Kidswear
31118,Girls,Apparel,Topwear,Tops,Red,Summer,2012.0,Casual,Gini and Jony Girls Red Top
19772,Men,Footwear,Shoes,Casual Shoes,Blue,Fall,2011.0,Casual,ADIDAS Men Vigor Blue Casual Shoes
46876,Men,Accessories,Socks,Socks,Grey,Summer,2012.0,Casual,Lino Perros Men Pack of 2 Socks
5862,Men,Apparel,Topwear,Tshirts,Black,Summer,2011.0,Casual,ADIDAS Men's Stripe Black T-shirt
39711,Men,Accessories,Watches,Watches,Black,Winter,2016.0,Casual,ADIDAS Original Men Black Dial Chronograph Watch ADH2641
14409,Women,Footwear,Shoes,Heels,White,Summer,2012.0,Casual,Enroute Women Casual White Heels
58726,Men,Apparel,Topwear,Tshirts,Grey,Summer,2012.0,Casual,Puma Men Grey T-shirt
44379,Men,Personal Care,Fragrance,Perfume and Body Mist,Black,Spring,2017.0,Casual,ADIDAS Men Intense Touch  Perfume
11947,Men,Footwear,Sandal,Sandals,Olive,Summer,2012.0,Casual,Ganuchi Men Casual Olive Sandals
36759,Men,Accessories,Watches,Watches,White,Winter,2016.0,Casual,Maxima Men White Dial Watch
51499,Women,Apparel,Bottomwear,Jeans,Blue,Summer,2012.0,Casual,Denizen Women Blue Jeans
29583,Women,Footwear,Shoes,Flats,Silver,Summer,2012.0,Casual,Puma Women Grace Silver Sandals
55805,Women,Apparel,Loungewear and Nightwear,Night suits,Pink,Summer,2017.0,Casual,SDL by Sweet Dreams Women Pink & Black Printed Night Suit S11-3134
7709,Women,Apparel,Bottomwear,Jeans,Black,Fall,2011.0,Casual,Jealous 21 Women's Aaren Black Jegging
28451,Women,Apparel,Bottomwear,Track Pants,Black,Summer,2012.0,Casual,Urban Yoga Women Black Track Pants
43960,Men,Apparel,Topwear,Shirts,Grey,Summer,2012.0,Formal,Indigo Nation Men Grey Striped Shirt
8741,Men,Apparel,Topwear,Shirts,Navy Blue,Fall,2011.0,Casual,Indigo Nation Men Checks Shirt Navy Blue Shirts
55039,Women,Personal Care,Lips,Lipstick,Brown,Spring,2017.0,Casual,Lakme Absolute Matte Merlot Lipstick 45
19316,Unisex,Accessories,Bags,Backpacks,Grey,Fall,2011.0,Casual,Nike Unisex Hayward 25M Grey Backpack
27419,Women,Apparel,Loungewear and Nightwear,Lounge Pants,Black,Winter,2015.0,Casual,Jockey Women Black Lounge Pants
34832,Men,Footwear,Shoes,Sports Shoes,White,Summer,2012.0,Sports,ADIDAS Men Sukoi White Sports Shoes
23885,Men,Footwear,Shoes,Sports Shoes,Grey,Winter,2012.0,Sports,Fila Men Grey Hex Sports Shoes
19918,Unisex,Accessories,Bags,Backpacks,Black,Winter,2015.0,Casual,Wildcraft Unisex Black Backpack
22359,Men,Apparel,Topwear,Shirts,Blue,Summer,2011.0,Casual,John Players Men Check Blue Shirt
19124,Women,Footwear,Flip Flops,Flip Flops,Pink,Fall,2011.0,Casual,Lotto Women XL Kelly Pink Slippers
16950,Men,Accessories,Eyewear,Sunglasses,Brown,Winter,2016.0,Casual,Image Men Sunglasses
49654,Women,Apparel,Bottomwear,Skirts,Grey,Summer,2012.0,Casual,Mineral Women Grey Skirt
48786,Women,Accessories,Jewellery,Pendant,Silver,Summer,2013.0,Casual,Lucera Women Silver Pendant
2049,Men,Apparel,Topwear,Tshirts,White,Summer,2010.0,Sports,ADIDAS Men's Slim Fit White T-shirt
44977,Men,Accessories,Watches,Watches,Silver,Winter,2016.0,Casual,Maxima Men Silver Dial Attivo Watch
33019,Women,Apparel,Topwear,Kurtas,Yellow,Summer,2012.0,Ethnic,Mother Earth Women Printed Yellow Kurta
41439,Men,Footwear,Shoes,Sports Shoes,Black,Fall,2012.0,Sports,Lee Cooper Men Black Sports Shoes
39523,Unisex,Accessories,Bags,Trolley Bag,Black,Summer,2012.0,Casual,Peter England Unisex Black One Dayer Black Trolley Bag
52812,Men,Accessories,Wallets,Wallets,Black,Summer,2012.0,Casual,JAG Men Black Leather Wallet
11349,Men,Apparel,Bottomwear,Jeans,Blue,Summer,2017.0,Casual,Lee Men Blue Chicago Fit Jeans
24892,Men,Apparel,Topwear,Tshirts,Black,Fall,2011.0,Casual,United Colors of Benetton Men Black T-shirt
58514,Women,Apparel,Topwear,Tops,Grey,Summer,2012.0,Casual,Tonga Women Grey Top
33825,Women,Footwear,Shoes,Sports Shoes,Silver,Summer,2012.0,Sports,Puma Women Kuris Silver & Grey Sports Shoes
25940,Women,Accessories,Scarves,Scarves,Yellow,Summer,2012.0,Casual,Femella Women Yellow & Blue Scarf
38637,Men,Apparel,Topwear,Tshirts,Red,Summer,2012.0,Casual,Nike Men Red Delhi T-shirt
5896,Men,Footwear,Shoes,Casual Shoes,Black,Summer,2011.0,Casual,Puma Men Cavallino Black Shoe
4944,Men,Apparel,Topwear,Shirts,White,Summer,2011.0,Casual,Gini and Jony Boy's Kaleb White Brown Infant Kidswear
10861,Men,Apparel,Topwear,Tshirts,White,Fall,2011.0,Casual,Wrangler Men Dirt Riders White T-Shirts
59600,Women,Apparel,Saree,Sarees,Rust,Fall,2012.0,Ethnic,FNF Rust Wedding Collection Sari
42846,Women,Accessories,Bags,Handbags,Multi,Summer,2012.0,Casual,French Connection Women Multi Stripe Hand Bag
35128,Women,Accessories,Jewellery,Bracelet,Purple,Winter,2012.0,Casual,Allen Solly Woman Purple Bangle
54923,Girls,Apparel,Bottomwear,Capris,Olive,Summer,2012.0,Casual,Do u speak Green Girls Olive 3/4 Pant
43994,Women,Personal Care,Fragrance,Deodorant,Pink,Spring,2017.0,Casual,Police Women Passion Deo
17278,Men,Apparel,Topwear,Tshirts,Grey,Fall,2011.0,Casual,U.S. Polo Assn. Men Printed  Steeple Grey Tshirt
31588,Men,Apparel,Topwear,Tshirts,Maroon,Summer,2012.0,Casual,Mark Taylor Men Printed Maroon T-shirt
49492,Men,Footwear,Shoes,Casual Shoes,Maroon,Summer,2012.0,Casual,Vans Men Maroon & Grey Era Shoes
18230,Men,Apparel,Topwear,Tshirts,White,Fall,2011.0,Casual,Manchester United Men Printed White Tshirt
23871,Men,Apparel,Topwear,Tshirts,Grey,Fall,2011.0,Casual,ADIDAS Men Grey Striped T-shirt
9667,Men,Apparel,Topwear,Shirts,Purple,Fall,2011.0,Casual,Indigo Nation Men Bling Red Black Shirts
16198,Men,Apparel,Bottomwear,Tracksuits,Black,Fall,2011.0,Sports,Puma Men Poly Knitted Black Tracksuit
3953,Women,Apparel,Topwear,Tshirts,Red,Summer,2011.0,Casual,Jealous 21 Women's Red Peace T-shirt
29745,Men,Accessories,Watches,Watches,Black,Winter,2016.0,Casual,Fossil Men Quartz Black Dial Chronograph Watch JR1303
28697,Women,Apparel,Topwear,Kurtas,Black,Summer,2012.0,Ethnic,W Women Printed Black Kurta
12538,Men,Apparel,Bottomwear,Track Pants,Blue,Fall,2011.0,Casual,Puma Men Solid Blue Track Pants
8587,Men,Apparel,Topwear,Shirts,Red,Fall,2011.0,Casual,Scullers Men Red Check Shirt
42248,Women,Apparel,Topwear,Tops,Pink,Summer,2012.0,Casual,Sepia Women Pink Top
48772,Women,Accessories,Jewellery,Pendant,Silver,Summer,2013.0,Casual,Lucera Women Silver Pendant
30668,Men,Accessories,Eyewear,Sunglasses,Black,Winter,2016.0,Casual,Park Avenue Men Black Sunglasses
9455,Men,Apparel,Topwear,Shirts,Red,Fall,2011.0,Formal,John Miller Men Red Striped Shirt
18002,Women,Apparel,Bottomwear,Capris,Black,Summer,2011.0,Sports,Puma Women Essential Skinny Black 3/4 Pant
44983,Women,Accessories,Watches,Watches,Silver,Winter,2016.0,Casual,Maxima Women Silver Dial Watch
38405,Women,Accessories,Belts,Belts,White,Summer,2012.0,Casual,Baggit Women White Capri Taj Belt
53934,Women,Accessories,Bags,Handbags,Brown,Summer,2012.0,Casual,Kiara Women Brown Handbag
1638,Unisex,Apparel,Bottomwear,Swimwear,Blue,Fall,2010.0,Sports,Nabaiji Swimming Goggles Blue Black
25188,Women,Accessories,Bags,Handbags,Brown,Winter,2015.0,Casual,Lino Perros Women Leatherite Brown Handbag
24866,Men,Accessories,Belts,Belts,Black,Summer,2012.0,Casual,Reid & Taylor Men Formal Black Belt
53108,Women,Accessories,Jewellery,Earrings,Silver,Winter,2016.0,Casual,Fabindia Silver Earrings
21528,Women,Accessories,Bags,Handbags,Copper,Winter,2015.0,Casual,Kiara Women Sequins Copper Handbag
59432,Women,Accessories,Bags,Handbags,Black,Summer,2012.0,Casual,Spice Art Women Black Handbag
32903,Women,Apparel,Bottomwear,Shorts,Red,Summer,2012.0,Casual,Allen Solly Women Red Shorts
6079,Men,Apparel,Topwear,Tshirts,Grey,Summer,2011.0,Casual,UCB Men's Johny Collar With Two Tone Grey T-shirt
12960,Men,Footwear,Shoes,Sports Shoes,White,Fall,2011.0,Sports,ADIDAS Men Sports White Sports Shoes
29321,Men,Apparel,Topwear,Tshirts,Black,Summer,2012.0,Sports,ADIDAS Men Black Jersey
9031,Men,Footwear,Shoes,Casual Shoes,Tan,Winter,2011.0,Casual,Buckaroo Men loma Tan Casual Shoes
6845,Unisex,Accessories,Shoe Accessories,Shoe Laces,Black,Summer,2011.0,Casual,Timberland Unisex Hiker Round Lace Shoe Accessories
18466,Women,Personal Care,Fragrance,Perfume and Body Mist,White,Spring,2017.0,Casual,Reebok Reebounce Women Perfumes
26369,Women,Apparel,Topwear,Shirts,Blue,Summer,2012.0,Casual,Arrow Woman Blue Shirt
33489,Men,Apparel,Topwear,Shirts,Green,Summer,2012.0,Casual,Doodle Kids Boy Check Green Shirt
59056,Women,Footwear,Shoes,Casual Shoes,Blue,Winter,2012.0,Casual,Carlton London Women Blue & Cream Shoes
15379,Men,Footwear,Shoes,Casual Shoes,Black,Summer,2012.0,Casual,Fila Men Lobato Black Casual Shoes
45409,Women,Footwear,Shoes,Flats,Black,Winter,2012.0,Casual,Rocia Women Black & Brown Sandals
56822,Men,Apparel,Bottomwear,Trousers,Beige,Summer,2012.0,Casual,John Players Men Beige Shorts
58184,Women,Accessories,Bags,Handbags,Beige,Summer,2012.0,Casual,Rocky S Women Beige Handbag
40947,Boys,Apparel,Topwear,Tshirts,Red,Summer,2012.0,Casual,Gini and Jony Boys Core Red T-shirt
39381,Men,Apparel,Bottomwear,Jeans,Black,Summer,2012.0,Casual,Peter England Men Party Black Jeans
15977,Men,Apparel,Topwear,Shirts,Red,Fall,2011.0,Casual,Turtle Solid Men Red Shirt
32769,Men,Apparel,Topwear,Tshirts,Blue,Spring,2013.0,Casual,Music Men Printed Blue T-shirt
10439,Men,Apparel,Topwear,Tshirts,Brown,Fall,2011.0,Casual,Flying Machine Men Walnut Brown Tshirts
59264,Women,Accessories,Watches,Watches,White,Winter,2016.0,Casual,Titan Women White Watch
14099,Women,Apparel,Topwear,Tops,Pink,Fall,2011.0,Casual,Flying Machine Women Solid Pink Tops
1852,Men,Apparel,Topwear,Tshirts,Blue,Summer,2011.0,Casual,Inkfruit Men Ride It Or Die T-shirt
30802,Men,Apparel,Topwear,Shirts,Blue,Summer,2012.0,Ethnic,Fabindia Men Blue Shirt
29113,Women,Accessories,Socks,Socks,White,Summer,2012.0,Casual,Puma Women Pack of 3 Socks
7399,Men,Footwear,Shoes,Formal Shoes,Black,Winter,2018.0,Formal,Red Tape Men's Black Formal Shoe
26967,Women,Apparel,Topwear,Tops,Navy Blue,Summer,2012.0,Casual,Jealous 21 Women Check Navy Blue Top
27089,Women,Apparel,Topwear,Kurtas,Brown,Summer,2012.0,Ethnic,Aneri Women Jazz Brown Kurta
48124,Women,Accessories,Belts,Belts,Brown,Summer,2012.0,Casual,Fossil Women Brown Huarache Weave Belt
9203,Men,Footwear,Shoes,Sports Shoes,Black,Fall,2011.0,Sports,Puma Men Axis XT Black Shoes
3739,Men,Accessories,Headwear,Caps,Blue,Fall,2010.0,Sports,ADIDAS Men Delhi Daredevil Blue Cap
19786,Men,Apparel,Topwear,Tshirts,Navy Blue,Winter,2016.0,Casual,U.S. Polo Assn. Men Solid Navy Blue Tshirt
44948,Men,Footwear,Shoes,Sports Shoes,Black,Summer,2012.0,Sports,Puma Men Black Aquil II Sports Shoes
24091,Men,Apparel,Topwear,Tshirts,Navy Blue,Fall,2011.0,Casual,Manchester United Men Navy Blue Striped T-shirt
57563,Women,Personal Care,Lips,Lipstick,Brown,Spring,2017.0,,Lotus Herbals Pure Colours Nutty Brown Lipstick 666
33026,Women,Apparel,Topwear,Kurtas,Pink,Fall,2012.0,Ethnic,Mother Earth Women Pink Kurta
41406,Women,Apparel,Topwear,Tshirts,Pink,Summer,2012.0,Casual,Wrangler Women Pink T-shirt
11376,Women,Apparel,Topwear,Tops,Grey,Fall,2011.0,Casual,United Colors Of Benetton Women Light Winter Grey Tops
25143,Women,Accessories,Bags,Clutches,Silver,Winter,2015.0,Casual,Lino Perros Women Silver Clutch
44174,Women,Personal Care,Fragrance,Fragrance Gift Set,White,Spring,2017.0,Casual,Nike Fragrances Women Sensual Touch Perfume and Deo Set
5253,Unisex,Accessories,Bags,Duffel Bag,Grey,Winter,2015.0,Casual,Wildcraft Unisex Black & Grey Duffel Bag
20431,Women,Accessories,Wallets,Wallets,Brown,Winter,2015.0,Casual,Baggit Women Tijori Viva Brown Wallet
14604,Men,Accessories,Socks,Socks,Green,Summer,2011.0,Casual,United Colors of Benetton Men Stripes Green Socks
4381,Men,Apparel,Topwear,Tshirts,Blue,Summer,2011.0,Casual,Superman Men's Silhouette Light Blue T-shirt
46623,Unisex,Accessories,Bags,Backpacks,Black,Summer,2012.0,Casual,Nike Unisex Ultimatum Max Backpack
19927,Men,Footwear,Sandal,Sandals,Grey,Fall,2011.0,Casual,ADIDAS Men Receptor Grey Sandals
7504,Women,Apparel,Topwear,Tshirts,Pink,Summer,2011.0,Sports,Nike Women's Smash Pink T-shirt
22366,Men,Apparel,Topwear,Tshirts,White,Fall,2011.0,Casual,Ed Hardy Men New Tiger White T-Shirt
3998,Men,Footwear,Flip Flops,Flip Flops,Black,Summer,2011.0,Casual,Spalding Men's Black and White Graphic Flip Flop
51694,Unisex,Accessories,Eyewear,Sunglasses,Brown,Winter,2016.0,Casual,Van Heusen Unisex Sunglasses VH216-C2
16153,Men,Footwear,Shoes,Formal Shoes,Black,Fall,2011.0,Formal,Enroute Men Leather Black Formal Shoes
17081,Women,Accessories,Wallets,Wallets,Blue,Winter,2015.0,Casual,Lino Perros Women Denim Blue Wallet
50746,Men,Footwear,Shoes,Formal Shoes,Black,Winter,2018.0,Formal,Red Chief Men Black Formal Shoes
34203,Men,Apparel,Bottomwear,Track Pants,Charcoal,Winter,2013.0,Casual,Proline Men Charcoal Grey Track Pants
55234,Women,Personal Care,Makeup,Foundation and Primer,Skin,Summer,2019.0,Casual,Lakme 9to5 Flawless Makeup Marble Foundation
13421,Men,Apparel,Topwear,Tshirts,Black,Summer,2011.0,Casual,United Colors of Benetton Men Stripes Black Polo T-shirts
27614,Men,Apparel,Bottomwear,Trousers,Beige,Summer,2012.0,Casual,Scullers Men Beige Trousers
22154,Men,Footwear,Shoes,Formal Shoes,Black,Fall,2011.0,Formal,Lee Cooper Men Black Formal Shoes
16361,Men,Apparel,Topwear,Shirts,Maroon,Fall,2011.0,Formal,Peter England Men Stripes Maroon Shirt
46411,Men,Apparel,Topwear,Sweatshirts,Black,Summer,2012.0,Casual,ADIDAS Men Black Sweatshirt
7736,Men,Accessories,Headwear,Caps,Red,Fall,2011.0,Casual,Puma Men Ferrari Lifestyle Red Cap
34031,Boys,Apparel,Topwear,Shirts,Blue,Summer,2012.0,Casual,Gini and Jony Boys Check Blue Shirt
22968,Unisex,Accessories,Bags,Backpacks,Black,Summer,2011.0,Casual,U.S. Polo Assn. Unisex Casual Olive Backpack
3396,Women,Accessories,Bags,Handbags,Blue,Winter,2015.0,Casual,Murcia Women Turquoise Blue Handbag
31543,Men,Apparel,Topwear,Tshirts,Navy Blue,Summer,2012.0,Casual,Classic Polo Men Striped Navy Blue T-shirt
55006,Women,Personal Care,Lips,Lip Gloss,Copper,Spring,2017.0,,Lakme Sheer Satin Lip Gloss 51
19329,Men,Footwear,Shoes,Casual Shoes,Brown,Fall,2011.0,Casual,Puma Men Standpunkt Brown Casual Shoes
27426,Women,Apparel,Bottomwear,Shorts,Grey Melange,Winter,2015.0,Casual,Jockey Women Grey Melange Shorts
2244,Women,Apparel,Topwear,Tshirts,Black,Fall,2010.0,Casual,ADIDAS Women's Black T-shirt
43163,Men,Accessories,Watches,Watches,White,Winter,2016.0,Casual,Fastrack Men White Dial Watch
33214,Women,Apparel,Topwear,Tunics,Black,Summer,2012.0,Casual,Sepia Women Printed Black & Green Tunic
10096,Women,Footwear,Shoes,Sports Shoes,Blue,Fall,2011.0,Sports,Reebok Women Reeflex Run Blue Sports Shoes
11144,Men,Apparel,Topwear,Shirts,Black,Fall,2011.0,Casual,Scullers Men Price Catch Black Shirts
20603,Women,Accessories,Bags,Handbags,Black,Winter,2015.0,Casual,Baggit Women Selection Mayur Black Sling Bag
58719,Women,Apparel,Topwear,Kurtas,Off White,Summer,2012.0,Ethnic,ALayna Women Off White  Kurta
11978,Men,Footwear,Sandal,Sandals,Navy Blue,Summer,2012.0,Casual,FILA Men Aruba Navy Blue Sandal
36766,Men,Accessories,Watches,Watches,Black,Winter,2016.0,Casual,Maxima Men Black Watch
45294,Women,Accessories,Watches,Watches,Black,Winter,2016.0,Casual,CASIO SHEEN Women Black Dial Watch SX041
52223,Women,Accessories,Jewellery,Necklace and Chains,White,Fall,2012.0,Casual,Lencia White Swarovski Pearl Necklace
34455,Women,Footwear,Shoes,Heels,Black,Spring,2013.0,Formal,Rocia Women Black Shoes
6280,Men,Apparel,Topwear,Tshirts,Pink,Summer,2011.0,Casual,UCB Men's Making Light Pink T-shirt
46075,Men,Accessories,Belts,Belts,Black,Summer,2012.0,Casual,Lino Perros Men Black Leather Belt
35587,Men,Footwear,Sandal,Sandals,Brown,Summer,2013.0,Casual,Gliders Men Brown Leather Sandals
7352,Men,Apparel,Topwear,Tshirts,Purple,Fall,2011.0,Casual,Tantra Men's Whatever Purple T-shirt
27042,Women,Accessories,Bags,Clutches,Black,Summer,2012.0,Casual,Yelloe Black Animal Print Clutch
2620,Men,Apparel,Topwear,Tshirts,Blue,Fall,2010.0,Sports,Nike Men's Colors Team India T-shirt
43507,Men,Apparel,Topwear,Tshirts,Maroon,Summer,2012.0,Casual,French Connection Men Maroon T-shirt
28836,Women,Apparel,Topwear,Kurtas,Multi,Summer,2012.0,Ethnic,BIBA Women Printed Multi Coloured Kurta
31127,Girls,Apparel,Dress,Dresses,Black,Summer,2012.0,Casual,Gini and Jony Girls Black Dress
26190,Men,Personal Care,Fragrance,Perfume and Body Mist,Blue,Spring,2017.0,Casual,4711 Kolnisch Wasser Men Perfume
55462,Women,Personal Care,Lips,Lipstick,Purple,Spring,2017.0,Casual,Revlon Super Lustrous Plum Baby Lipstick 313
11520,Women,Apparel,Bottomwear,Jeans,Black,Fall,2011.0,Casual,United Colors of Benetton Women Denim Black Jeans
25715,Unisex,Accessories,Headwear,Caps,Blue,Summer,2012.0,Sports,ADIDAS Unisex Blue Cap
41250,Men,Accessories,Belts,Belts,Brown,Summer,2012.0,Formal,Arrow Men Black & Brown Reversible Belt
40382,Women,Apparel,Topwear,Tops,Pink,Summer,2012.0,Casual,Tokyo Talkies Women Pink Top
38298,Men,Accessories,Wallets,Wallets,Brown,Summer,2012.0,Casual,Reid & Taylor Men Brown Wallet
52647,Women,Accessories,Bags,Handbags,Black,Summer,2012.0,Casual,Mod'acc Women Black Handbag
20267,Women,Footwear,Shoes,Heels,Black,Winter,2015.0,Casual,Catwalk Women Casual Black Heels
14052,Men,Apparel,Topwear,Shirts,White,Fall,2011.0,Casual,Flying Machine Men Solid White Shirts
53795,Men,Apparel,Topwear,Tshirts,Black,Summer,2012.0,Casual,Puma Men Black T-shirt
44722,Women,Footwear,Flip Flops,Flip Flops,Orange,Summer,2012.0,Casual,Lotto Women Red & Orange Disco Holic Flip Flops
5405,Men,Footwear,Shoes,Sports Shoes,White,Fall,2011.0,Sports,Kalenji Ekiden Comfort Prime 2011
39178,Women,Apparel,Topwear,Kurtas,Blue,Summer,2012.0,Ethnic,Aneri Women Blue & Brown Printed Kurta
32590,Women,Apparel,Bottomwear,Shorts,Brown,Summer,2012.0,Casual,ONLY Women Brown Shorts
11712,Men,Apparel,Topwear,Shirts,Blue,Summer,2011.0,Casual,Lee Men Solid Blue Shirts
25527,Women,Apparel,Topwear,Shirts,Green,Summer,2012.0,Casual,Wrangler Women Stella Green Shirt
57107,Women,Apparel,Topwear,Tops,Olive,Summer,2012.0,Casual,Elle Women Green Essentials Top
20869,Men,Footwear,Sandal,Sandals,Brown,Fall,2011.0,Casual,Fila Men Camper Brown Sandals
33442,Women,Accessories,Bags,Handbags,Teal,Winter,2016.0,Casual,Baggit Women Rade Doko Teal Handbag
58973,Women,Personal Care,Fragrance,Perfume and Body Mist,Pink,Spring,2017.0,Casual,Colour Me Women Pink Perfume
52475,Women,Apparel,Loungewear and Nightwear,Bath Robe,White,Winter,2015.0,,Red Rose White & Red Dot Print Bath Robe
39944,Men,Footwear,Shoes,Casual Shoes,Grey,Summer,2013.0,Casual,GAS Men Grey Namib Shoes
21187,Men,Footwear,Flip Flops,Flip Flops,Yellow,Summer,2011.0,Casual,ADIDAS Men Plugged In Yellow Flip Flops
36130,Men,Footwear,Shoes,Casual Shoes,Grey,Summer,2012.0,Casual,Nike Men Dunk High Grey Shoes
44510,Unisex,Footwear,Shoes,Casual Shoes,Black,Summer,2012.0,Casual,Converse Unisex Black Shoes
20055,Women,Accessories,Mufflers,Mufflers,Grey,Fall,2011.0,Casual,United Colors Of Benetton Women Grey Muffler
50322,Women,Apparel,Topwear,Kurtas,Black,Summer,2012.0,Ethnic,Aurelia Women Black Kurta
28238,Men,Personal Care,Fragrance,Deodorant,Black,Spring,2017.0,Casual,Park Avenue Men Cruise Deo
13879,Men,Apparel,Topwear,Shirts,Red,Fall,2011.0,Casual,Scullers Men Check Red Shirts
47395,Women,Accessories,Bags,Handbags,Green,Summer,2012.0,Casual,Baggit Women Green Handbag
46247,Women,Apparel,Topwear,Tunics,Pink,Summer,2012.0,Casual,Fusion Beats Women Dark Pink Tunic
7160,Women,Apparel,Topwear,Tunics,Purple,Fall,2011.0,Casual,Scullers For Her Women Fashion Summer Lite Aubergine Tunics
22702,Women,Footwear,Shoes,Casual Shoes,Beige,Fall,2011.0,Casual,Nike Women Beige Dunk High Casual Shoes
8914,Men,Footwear,Shoes,Sports Shoes,White,Fall,2011.0,Sports,Puma Men Future Cat Remix SF White Sports Shoes
16537,Men,Accessories,Headwear,Caps,Blue,Fall,2011.0,Casual,Probase Men Check Blue Cap
43735,Women,Accessories,Jewellery,Bangle,Gold,Summer,2012.0,Ethnic,Royal Diadem Set of 2 Golden Bangles
13045,Women,Footwear,Shoes,Flats,Maroon,Winter,2012.0,Casual,Inc 5 Women Casual Maroon Sandals
27270,Women,Apparel,Topwear,Kurtas,Maroon,Fall,2011.0,Ethnic,Mother Earth Women Printed Maroon Kurta
12197,Men,Apparel,Topwear,Tshirts,Orange,Summer,2013.0,Casual,Basics Men Orange Polo T-shirt
55650,Women,Footwear,Shoes,Heels,Multi,Winter,2015.0,Casual,Catwalk Women Multi-coloured Heels
31315,Women,Apparel,Topwear,Kurtas,Brown,Summer,2012.0,Ethnic,W Women Brown Kurta
6274,Women,Apparel,Topwear,Tshirts,Green,Summer,2011.0,Casual,UCB Women's Crystal Benetton Green T-shirt
47153,Girls,Apparel,Bottomwear,Capris,Pink,Summer,2012.0,Casual,Gini and Jony Girls Pink Capris
17623,Men,Apparel,Bottomwear,Track Pants,Grey,Fall,2011.0,Sports,ADIDAS Men Solid Grey Track Pant
48927,Women,Accessories,Jewellery,Ring,Silver,Summer,2012.0,Casual,Lucera Women Silver Ring
51036,Women,Apparel,Loungewear and Nightwear,Nightdress,Lime Green,Summer,2017.0,Casual,Enamor Women Lavender Nightdress
26958,Women,Apparel,Topwear,Shirts,Teal,Summer,2012.0,Casual,Jealous 21 Women Teal Shirt
46081,Men,Footwear,Sandal,Sandals,Navy Blue,Summer,2012.0,Casual,ADIDAS Men Navy Blue Benton Sandals
35573,Men,Footwear,Flip Flops,Flip Flops,Blue,Summer,2013.0,Casual,Gliders Men Esquire Blue Flip Flops
13283,Men,Apparel,Topwear,Shirts,Blue,Fall,2011.0,Casual,Gini and Jony Kids Boys Check Blue Shirts
54544,Men,Footwear,Shoes,Sports Shoes,Black,Fall,2012.0,Sports,F Sports Men Black Pace Sports Shoes
30001,Women,Accessories,Watches,Watches,White,Winter,2016.0,Casual,Aspen Women White Dial Watch
29910,Men,Accessories,Watches,Watches,Black,Winter,2016.0,Casual,Police Men Black Dial Watch PL12170JSB
3706,Men,Apparel,Topwear,Tshirts,Grey,Summer,2011.0,Casual,Classic Polo Men's Grey Red & Brown Stripe T-shirt
26164,Men,Apparel,Bottomwear,Trousers,Grey,Summer,2012.0,Formal,John Miller Men Striped Grey Trousers
55496,Women,Personal Care,Lips,Lip Gloss,Pink,Spring,2017.0,Casual,Revlon ColorBurst Hot Pink Lip Gloss 10
56213,Women,Accessories,Jewellery,Earrings,Gold,Winter,2016.0,Casual,Estelle Women Gold Earrings
15948,Men,Accessories,Ties,Ties,Burgundy,Fall,2011.0,Formal,Turtle Men Stripes Burgundy Ties
40376,Women,Apparel,Topwear,Tops,Yellow,Summer,2012.0,Casual,Tokyo Talkies Women Yellow Top
24633,Women,Footwear,Flip Flops,Flip Flops,Pink,Fall,2011.0,Casual,ADIDAS Women Polka Pink Flip Flops
10406,Women,Apparel,Dress,Dresses,Grey,Fall,2011.0,Casual,United Colors of Benetton Women Solid Grey Dresses
4523,Men,Footwear,Shoes,Sports Shoes,Blue,Summer,2011.0,Sports,Puma Men's Faas Blue White Silver Red Shoe
45604,Men,Footwear,Shoes,Formal Shoes,Brown,Summer,2012.0,Formal,Arrow Men Brown Formal Shoes
15174,Men,Apparel,Topwear,Tshirts,Yellow,Fall,2013.0,Casual,Arrow Men Yellow Polo T-shirt
21341,Men,Accessories,Eyewear,Sunglasses,Steel,Winter,2016.0,Casual,Pal Zileri Men Casual Steel Frame Sunglasses
53761,Men,Apparel,Topwear,Tshirts,Green,Summer,2012.0,Casual,Puma Men Green and Blue T-shirt
37224,Women,Apparel,Topwear,Shirts,Purple,Summer,2012.0,Casual,United Colors of Benetton Women Purple Shirt
32564,Women,Apparel,Bottomwear,Trousers,Orange,Summer,2012.0,Casual,ONLY Women Orange Trousers
56021,Women,Personal Care,Lips,Lipstick,Mauve,Spring,2017.0,Casual,Colorbar Soft Touch Venus Lipstick 034
24401,Women,Apparel,Topwear,Kurtas,Brown,Summer,2012.0,Ethnic,Vishudh Women Brown Printed Kurta
10634,Men,Footwear,Shoes,Formal Shoes,Black,Winter,2012.0,Formal,Carlton London Men Black Oxford Wingtip Brogues
40144,Girls,Apparel,Topwear,Tops,Pink,Summer,2012.0,Casual,Gini and Jony Girls Pretty Blossom Pink Top
58987,Women,Personal Care,Fragrance,Deodorant,Lavender,Spring,2017.0,Casual,Cavallini Women Deo
15346,Men,Apparel,Topwear,Tshirts,Black,Fall,2011.0,Casual,Nike Men Special Edition 3 Star Beed Black Tshirts
52481,Women,Apparel,Loungewear and Nightwear,Baby Dolls,Pink,Winter,2015.0,Casual,Red Rose Pink & Black Nightdress
21173,Women,Apparel,Topwear,Shirts,Grey,Fall,2011.0,Casual,s.Oliver Women Grey Shirt
4711,Unisex,Accessories,Watches,Watches,Black,Winter,2016.0,Sports,ADIDAS Unisex Toronto Hand Black Watch
40978,Boys,Apparel,Topwear,Tshirts,Red,Summer,2012.0,Casual,Gini and Jony Boys United Red T-shirt
14294,Men,Apparel,Topwear,Tshirts,Black,Fall,2011.0,Casual,Classic Polo Men Stripes Black Tshirts
17411,Men,Footwear,Shoes,Sports Shoes,White,Fall,2011.0,Sports,Lotto Men Basketball Mid White Sports Shoe
9832,Women,Apparel,Topwear,Tshirts,Orange,Fall,2011.0,Casual,Little Miss Women Printed Rust T-shirt
23624,Girls,Apparel,Topwear,Tops,White,Fall,2011.0,Casual,Doodle Kids Girls White I love Shopping Top
6046,Men,Apparel,Topwear,Shirts,Green,Summer,2011.0,Casual,UCB Men Logo Chest Green Shirt
34693,Girls,Apparel,Bottomwear,Shorts,Pink,Summer,2012.0,Casual,Allen Solly Kids Girls Poplin Pink Shorts
47361,Women,Accessories,Bags,Handbags,Black,Summer,2012.0,Casual,Baggit Women Black Voodoo Gang Handbag
7194,Women,Apparel,Topwear,Tops,White,Fall,2011.0,Casual,Jealous 21 Women's BFF Printed White Top
30233,Men,Footwear,Shoes,Casual Shoes,White,Summer,2012.0,Casual,Numero Uno Men White Shoes
48329,Women,Accessories,Bags,Handbags,Purple,Summer,2012.0,Casual,Pitaraa Women Purple Sling Bag
18459,Men,Personal Care,Fragrance,Deodorant,White,Spring,2017.0,Casual,David Beckham Intimately Men Deos
27284,Women,Apparel,Topwear,Kurtas,Brown,Fall,2011.0,Ethnic,Mother Earth Women Dark Brown Kurta
12163,Women,Apparel,Bottomwear,Leggings,Purple,Fall,2011.0,Ethnic,Aurelia Women Solid Purple Leggings
42613,Women,Accessories,Jewellery,Jewellery Set,Gold,Winter,2016.0,Casual,Estelle Women Gold Earring & Pendant Set
3534,Women,Apparel,Topwear,Tshirts,Black,Summer,2011.0,Casual,Myntra Women's I Want You Black T-shirt
24065,Men,Apparel,Topwear,Shirts,Green,Fall,2011.0,Casual,Locomotive Men Checked Green Shirt
10250,Women,Accessories,Bags,Handbags,Brown,Winter,2015.0,Casual,Murcia Women Hahk Brown Handbags
57597,Women,Personal Care,Lips,Lipstick,Pink,Spring,2017.0,Casual,Lotus Herbals Moistpetals Rudy Pink Lipstick 140
40520,Men,Accessories,Watches,Watches,Cream,Winter,2016.0,Casual,Titan Men Cream Dial Watch
1607,Men,Apparel,Bottomwear,Track Pants,Blue,Fall,2010.0,Sports,Reebok Men trackpant- male Track Pants
11382,Women,Apparel,Topwear,Tshirts,Grey,Fall,2011.0,Casual,United Colors Of Benetton Women Light Winter Grey T-Shirts
44180,Women,Personal Care,Fragrance,Perfume and Body Mist,White,Spring,2017.0,Casual,Nike Fragrances Women Spicy Love Perfume 150 ml
37472,Men,Accessories,Watches,Watches,Grey,Winter,2016.0,Casual,Esprit Men Grey Dial Watch
53137,Women,Footwear,Shoes,Flats,Brown,Winter,2015.0,Casual,Catwalk Women Brown Sandals
15722,Men,Footwear,Shoes,Sports Shoes,Grey,Fall,2011.0,Sports,Nike Men Lunarswift+ 3 Shield Grey Sports Shoes
4375,Men,Apparel,Topwear,Tshirts,Navy Blue,Summer,2011.0,Casual,Marvel Comics Men's Comic Poses Navy T-shirt
35325,Women,Accessories,Jewellery,Earrings,Silver,Winter,2016.0,Ethnic,Fabindia Women Anusuya Silver Earrings
22392,Women,Apparel,Topwear,Tops,White,Fall,2011.0,Casual,ADIDAS Women Whalf Striper White Top
51660,Men,Accessories,Watches,Watches,Black,Winter,2016.0,Casual,Fossil Men Black Dial Watch AM4384
17075,Women,Accessories,Belts,Belts,Navy Blue,Winter,2015.0,Casual,Lino Perros Women Weaved  Navy Blue Belt
23240,Women,Apparel,Topwear,Kurtas,Blue,Fall,2011.0,Ethnic,Aneri Women Ashna Blue Kurta
6422,Unisex,Footwear,Shoes,Casual Shoes,Black,Summer,2011.0,Casual,Lotto Unisex Canvas Black Grey Shoe
18801,Men,Accessories,Belts,Belts,Brown,Summer,2011.0,Casual,Peter England Men Casual Brown Belt
26732,Women,Personal Care,Fragrance,Deodorant,Purple,Spring,2017.0,Casual,Reebok Women Reestyle Deo
12507,Men,Footwear,Shoes,Casual Shoes,Black,Winter,2018.0,Casual,Red Tape Men Casual Black Casual Shoes
31785,Women,Apparel,Topwear,Tops,Navy Blue,Summer,2012.0,Casual,Lee Women Katie Navy Blue Top
3150,Men,Footwear,Shoes,Sports Shoes,Black,Fall,2010.0,Sports,Nike Men's Lunarswift Black Shoe
17849,Women,Apparel,Topwear,Tshirts,Grey,Fall,2011.0,Casual,Flying Machine Women This & That Grey Tshirt
29548,Men,Apparel,Topwear,Tshirts,Navy Blue,Summer,2012.0,Casual,Classic Polo Men Printed Navy Blue T-shirt
42879,Women,Accessories,Bags,Clutches,Black,Summer,2012.0,Casual,French Connection Women Black Buffy Clutch
16395,Men,Apparel,Topwear,Shirts,Black,Fall,2011.0,Casual,Levis Men Check Black Shirts
51452,Women,Apparel,Topwear,Tops,White,Summer,2012.0,Casual,Tonga Women White & Pink Top
6610,Men,Apparel,Topwear,Tshirts,White,Summer,2011.0,Casual,Spykar Men's Stinger Basket Ball Team White Blue Stripes T-shirt
47537,Women,Footwear,Shoes,Flats,Brown,Winter,2012.0,Casual,Portia Women Brown Flats
17247,Men,Apparel,Topwear,Tshirts,Blue,Fall,2011.0,Casual,U.S. Polo Assn. Men Stripes Blue Polo Tshirt
23072,Men,Apparel,Bottomwear,Trousers,Navy Blue,Winter,2014.0,Formal,Arrow Men Navy Blue Solid Trousers
42045,Men,Footwear,Shoes,Casual Shoes,Yellow,Summer,2012.0,Casual,Nike Men Wardour Chukka Yellow Casual Shoes
3362,Men,Apparel,Topwear,Tshirts,Black,Summer,2011.0,Casual,Myntra Men's Creative designs Black T-shirt
12735,Unisex,Accessories,Headwear,Caps,Black,Fall,2011.0,Sports,Nike Unisex U Black Caps
54120,Women,Footwear,Shoes,Flats,Beige,Winter,2012.0,Casual,Rocia Women Beige Flats
9658,Men,Apparel,Topwear,Shirts,Maroon,Fall,2011.0,Casual,Indigo Nation Men Reversible Bling Maroon Shirt
43197,Women,Accessories,Watches,Watches,Grey,Winter,2016.0,Casual,Fastrack Women Grey Dial Watch
38608,Men,Apparel,Topwear,Tshirts,Grey,Summer,2012.0,Casual,Nike Men Grey T-shirt
24257,Men,Footwear,Shoes,Casual Shoes,Navy Blue,Summer,2012.0,Casual,Numero Uno Men Navy Blue Casual Shoes
10062,Men,Apparel,Topwear,Tshirts,Grey,Fall,2011.0,Casual,Puma Men Puma runhard tee Grey Tshirts
56677,Men,Accessories,Watches,Watches,White,Winter,2016.0,Casual,Maxima Men White Dial Watch
32332,Men,Accessories,Watches,Watches,Steel,Winter,2016.0,Casual,Q&Q Men Steel Digital Watch
5095,Men,Apparel,Topwear,Tshirts,Blue,Summer,2011.0,Casual,Wrangler Men's Greensboro Raw Edge Blue T-shirt
37640,Women,Accessories,Bags,Clutches,Red,Summer,2012.0,Casual,Wills Lifestyle Women Red Clutch
4147,Women,Footwear,Shoes,Sports Shoes,White,Summer,2011.0,Sports,Nike Women Glide White Grey Shoe
36792,Men,Accessories,Watches,Watches,Black,Winter,2016.0,Casual,Maxima Men Black Dial Attivo Watch
45260,Men,Accessories,Watches,Watches,Black,Winter,2016.0,Casual,CASIO G-Shock Men Black Digital Watch DW-5600E-1VDF G001
15510,Men,Footwear,Shoes,Casual Shoes,Charcoal,Fall,2011.0,Casual,Rockport Men CV Toe HI Charcoal Casual Shoes
21725,Men,Apparel,Topwear,Sweatshirts,Navy Blue,Fall,2011.0,Casual,ADIDAS Men Navy Blue Sweatshirt
34038,Boys,Apparel,Topwear,Shirts,Red,Summer,2012.0,Casual,Gini and Jony Boys Check Red Shirt
43956,Women,Footwear,Sandal,Sports Sandals,Purple,Summer,2012.0,Casual,Puma Women Purple Techno Sandals
28467,Women,Apparel,Topwear,Tshirts,Rust,Summer,2012.0,Casual,Urban Yoga Women Printed Rust T-shirt
16368,Men,Apparel,Bottomwear,Trousers,Charcoal,Fall,2011.0,Formal,Peter England Men Stripes Charcoal Trouser
42884,Women,Accessories,Bags,Clutches,Beige,Summer,2012.0,Casual,French Connection Women Beige Clutch
55833,Women,Personal Care,Makeup,Highlighter and Blush,Skin,Spring,2017.0,Casual,Colorbar Glamour Radiant Glow 001
46418,Men,Accessories,Watches,Watches,Olive,Winter,2016.0,Casual,Timex Men Olive Green Dial Watch DV10
48582,Men,Accessories,Jewellery,Bracelet,Steel,Summer,2012.0,Casual,Revv Men Steel Bracelet
8777,Men,Apparel,Topwear,Shirts,Blue,Fall,2011.0,Casual,Indigo Nation Men Price catch Blue Shirts
19320,Unisex,Accessories,Bags,Backpacks,Pink,Fall,2011.0,Casual,Nike Unisex Classic Turf Pink Backpack
4986,Men,Apparel,Topwear,Tshirts,Red,Summer,2011.0,Sports,ADIDAS Men Bayern Munchen Red Jersey
39727,Women,Apparel,Topwear,Shirts,Blue,Summer,2012.0,Formal,Arrow Woman Blue Shirt
57758,Women,Personal Care,Skin Care,Face Wash and Cleanser,White,Spring,2017.0,,Lotus Herbals Jojobawash Face Wash
5854,Women,Accessories,Bags,Handbags,Pink,Summer,2011.0,Casual,ADIDAS Women Pink Handbag
11971,Men,Footwear,Shoes,Sports Shoes,White,Fall,2011.0,Sports,Fila Men Glow White Sports Shoes
5068,Men,Accessories,Watches,Watches,Blue,Winter,2016.0,Casual,Being Human Men Grey Dial Blue Strap Watch
39515,Unisex,Accessories,Bags,Laptop Bag,Brown,Summer,2012.0,Casual,Peter England Unisex Brown Laptop Bag
45893,Men,Accessories,Watches,Watches,Black,Winter,2016.0,Casual,Maxima Ssteele Men Black Dial Watch
44941,Men,Footwear,Shoes,Formal Shoes,Black,Summer,2013.0,Formal,Franco Leone Men Formal Shoes
24098,Men,Footwear,Sandal,Sandals,Black,Summer,2012.0,Casual,Red Tape Men Black Sandals
4388,Men,Apparel,Topwear,Tshirts,Green,Summer,2011.0,Casual,DC Comics Lantern Arrow All Over Green T-shirt
58522,Unisex,Accessories,Accessories,Travel Accessory,Rust,Summer,2015.0,Casual,Wildcraft Unisex Rust Orange Travel Pouch
28655,Men,Footwear,Shoes,Sports Shoes,White,Summer,2012.0,Sports,Nike Men Zoom Structure White Sports Shoes
2843,Men,Apparel,Topwear,Tshirts,Pink,Summer,2011.0,Casual,Mr.Men Men's Mr.Mischief Pink T-shirt
17088,Women,Accessories,Wallets,Wallets,Brown,Winter,2015.0,Casual,Lino Perros Women Flower LT.Brown Wallet
3991,Men,Apparel,Topwear,Tshirts,White,Summer,2011.0,Casual,Mr.Men Men's Wave Rider White T-shirt
29787,Men,Apparel,Topwear,Tshirts,White,Summer,2013.0,Casual,Basics Men White T-shirt
9497,Men,Footwear,Sandal,Sandals,Black,Summer,2011.0,Casual,Decathlon Men Arpenaz Black Sandals
13428,Men,Apparel,Topwear,Tshirts,White,Summer,2011.0,Casual,United Colors of Benetton Men Printed White Tshirts
19112,Men,Apparel,Topwear,Tshirts,Grey,Summer,2016.0,Casual,Campbell Men Pack of 3 Solid Tshirts
16966,Men,Footwear,Shoes,Sports Shoes,Black,Fall,2011.0,Sports,Reebok Men Sprintfit Lite Black Sports Shoe
49662,Women,Accessories,Eyewear,Sunglasses,Black,Winter,2016.0,Casual,United Colors of Benetton Women Sunglass
20860,Women,Accessories,Eyewear,Sunglasses,Black,Winter,2016.0,Casual,United Colors of Benetton Women Casual Sunglasses
32599,Women,Apparel,Topwear,Tops,Black,Summer,2012.0,Casual,ONLY Women Black Top
39171,Women,Apparel,Topwear,Kurtas,Pink,Summer,2012.0,Ethnic,Aneri Women Pink & White Kurta
36905,Men,Accessories,Watches,Watches,Black,Winter,2016.0,Casual,Fossil Men Black Dial Watch ME1113
57932,Men,Apparel,Topwear,Tshirts,White,Summer,2012.0,Casual,French Connection Men White T-shirt
58146,Unisex,Accessories,Bags,Backpacks,Black,Summer,2012.0,Casual,Puma Unisex Black Backpack
40985,Boys,Apparel,Topwear,Tshirts,White,Summer,2012.0,Casual,Gini and Jony Boys United White T-shirt
41857,Men,Footwear,Sandal,Sandals,Olive,Summer,2012.0,Casual,Bata Men Hummer Grey Sandals
36139,Men,Footwear,Shoes,Sports Shoes,Black,Summer,2012.0,Sports,Nike Men The Overplay VII Black Sports Shoes
7169,Men,Apparel,Topwear,Shirts,Blue,Fall,2011.0,Casual,Scullers Men Scul Navy Blue Shirt
28231,Men,Personal Care,Fragrance,Deodorant,Black,Spring,2017.0,Casual,Playboy Men Malibu Deo
13870,Men,Apparel,Topwear,Shirts,Beige,Fall,2011.0,Casual,Scullers Men Stripes Beige Shirts
19576,Women,Apparel,Topwear,Tops,White,Summer,2011.0,Casual,United Colors of Benetton Women White Top
7955,Men,Apparel,Topwear,Tshirts,Grey,Fall,2011.0,Sports,Puma Men's Foundation Grey Polo T-shirt
8121,Men,Accessories,Belts,Belts,Brown,Winter,2016.0,Casual,Fastrack Men Brown Belt
27279,Women,Apparel,Topwear,Kurtas,Blue,Fall,2011.0,Ethnic,Mother Earth Women Blue Kurta
6887,Women,Apparel,Topwear,Jackets,Blue,Summer,2011.0,Casual,Forever New Women Indigo Wash Blue Jacket
31912,Women,Accessories,Bags,Handbags,Green,Summer,2012.0,Casual,Fabindia Women Green Sling Bag
49808,Women,Footwear,Flip Flops,Flip Flops,Blue,Winter,2012.0,Casual,iPanema Women Blue Flip Flops
22539,Women,Footwear,Shoes,Heels,Brown,Winter,2012.0,Casual,Inc.5  Women Grey Flats
27877,Women,Apparel,Topwear,Shirts,Navy Blue,Summer,2012.0,Casual,Scullers For Her Women Printed Navy Blue Shirt
6289,Men,Apparel,Topwear,Tshirts,Brown,Summer,2011.0,Casual,Classic Polo Classic Polo Swiss Brown Tee T-Shirt
8313,Women,Accessories,Bags,Handbags,Black,Winter,2016.0,Casual,Fastrack Women Nylon Black Handbag
49034,Women,Accessories,Jewellery,Ring,Silver,Summer,2012.0,Casual,Lucera Women Silver Ring
19744,Men,Apparel,Topwear,Jackets,Green,Fall,2011.0,Casual,ADIDAS Originals Men Solid Green Jacket
26199,Men,Personal Care,Fragrance,Perfume and Body Mist,Black,Spring,2017.0,Casual,Formula 1 Men Power Perfume
47992,Women,Accessories,Watches,Watches,Black,Winter,2016.0,Casual,Helix Women Black Watch
2629,Women,Footwear,Shoes,Flats,Black,Fall,2010.0,Casual,Carlton London Women Four Strapped Black Sandal
14867,Men,Accessories,Wallets,Wallets,Black,Summer,2011.0,Casual,United Colors of Benetton Men Solid Black Wallets
38291,Men,Accessories,Wallets,Wallets,Black,Summer,2012.0,Casual,Reid & Taylor Men Black Wallet
11529,Men,Apparel,Topwear,Sweaters,Grey,Fall,2011.0,Casual,United Colors Of Benetton Men Heavy Winter Grey Sweaters
41259,Men,Accessories,Wallets,Wallets,Brown,Summer,2012.0,Casual,Arrow Men Brown Leather Wallet
1890,Men,Apparel,Topwear,Tshirts,Red,Winter,2010.0,Casual,FIFA Mens Essentials Red T-shirt
15189,Men,Apparel,Topwear,Tshirts,Green,Fall,2011.0,Casual,Arrow Sport Men Solid Green Polo Tshirts
24408,Men,Footwear,Shoes,Sports Shoes,Black,Summer,2012.0,Sports,ADIDAS Men Black Vanquish Sports Shoes
20894,Men,Footwear,Shoes,Casual Shoes,Red,Fall,2011.0,Casual,Basics Men Red Casual Shoes
21946,Women,Accessories,Bags,Handbags,Black,Winter,2015.0,Casual,Murcia Women Casual Black Handbag
39185,Women,Apparel,Topwear,Kurtas,Khaki,Summer,2012.0,Ethnic,Aneri Women Khaki Kurta
56028,Women,Personal Care,Lips,Lipstick,Maroon,Spring,2017.0,Casual,Colorbar Soft Touch Spring Fling Lipstick 023
40971,Men,Footwear,Shoes,Casual Shoes,Brown,Winter,2012.0,Casual,Buckaroo Men Brown Casual Shoes
59060,Women,Apparel,Topwear,Kurtas,Red,Summer,2012.0,Ethnic,Global Desi Women Multi Coloured Kurta
4718,Girls,Apparel,Topwear,Tshirts,Yellow,Summer,2011.0,Casual,Disney Kids Girl's Summer Fun Fair Yellow Teen Kidswear
56814,Women,Apparel,Topwear,Kurtis,Multi,Summer,2012.0,Ethnic,Aneri Women Multi Coloured Kurti
12956,Men,Footwear,Shoes,Sports Shoes,Blue,Fall,2011.0,Sports,ADIDAS Men Sports Blue Sports Shoes
29317,Unisex,Accessories,Bags,Backpacks,Blue,Summer,2012.0,Casual,ADIDAS Unisex Blue Backpack
17418,Men,Accessories,Watches,Watches,Black,Winter,2016.0,Casual,CASIO ENTICER Men Black Analogue Watch BS112 
47368,Women,Accessories,Bags,Handbags,Brown,Summer,2015.0,Casual,Baggit Brown Handbag
13884,Men,Apparel,Topwear,Shirts,Black,Fall,2011.0,Casual,Scullers Men Check Black Shirts
19582,Men,Apparel,Topwear,Tshirts,Grey,Summer,2011.0,Casual,United Colors of Benetton Men Printed Grey TShirt
48320,Women,Accessories,Jewellery,Bracelet,Silver,Winter,2012.0,Casual,Pitaraa Silver Omelette Thin Bracelet
9007,Women,Accessories,Bags,Handbags,Silver,Winter,2015.0,Casual,Murcia Women Silver Black Purse Silver Handbags
6873,Women,Apparel,Dress,Dresses,Black,Summer,2011.0,Casual,Forever New Women's Top Black Dress
18450,Women,Personal Care,Fragrance,Perfume and Body Mist,White,Spring,2017.0,Casual,Ed Hardy Life Love & Luck by Christian Audigier for Women Perfume
29125,Women,Accessories,Eyewear,Sunglasses,White,Winter,2016.0,Casual,Vogue Women White Sunglasses
26951,Women,Apparel,Topwear,Tshirts,Teal,Summer,2012.0,Casual,Jealous 21 Women Printed Teal T-shirt
27883,Women,Apparel,Topwear,Tshirts,Pink,Summer,2012.0,Casual,Scullers For Her Women Pink Shirt
30834,Women,Apparel,Topwear,Kurtas,Blue,Summer,2012.0,Ethnic,Fabindia Women Blue Kurta
29919,Men,Accessories,Watches,Watches,Black,Winter,2016.0,Casual,Police Men Black Dial Chronograph Watch PL12699JS-02
42428,Women,Apparel,Topwear,Kurtas,Brown,Summer,2012.0,Ethnic,Aurelia Women Brown & Orange Kurta
12358,Men,Apparel,Topwear,Shirts,Cream,Fall,2011.0,Formal,Reid & Taylor Men Solid Cream Shirts
48112,Women,Accessories,Belts,Belts,Brown,Summer,2012.0,Casual,Fossil Women Brown Belt
9235,Men,Apparel,Topwear,Shirts,Blue,Fall,2011.0,Formal,Mark Taylor Men Plain Blue Shirts
14893,Women,Accessories,Accessories,Travel Accessory,Blue,Summer,2011.0,Casual,United Colors of Benetton Women Solid Blue Bags
15941,Men,Accessories,Belts,Belts,Black,Fall,2011.0,Casual,Turtle Men Leather Black Belts
53768,Men,Apparel,Topwear,Tshirts,Blue,Summer,2012.0,Casual,Puma Men Blue T-shirt
21348,Men,Accessories,Eyewear,Sunglasses,Silver,Winter,2016.0,Casual,Pal Zileri Men Casual Metal Frame Sunglasses
59252,Men,Accessories,Watches,Watches,White,Winter,2016.0,Casual,Titan Men White Dial Automatic Watch NB9365SL01
6619,Men,Footwear,Shoes,Sports Shoes,White,Summer,2011.0,Sports,ADIDAS Men's Boris White Shoe
54915,Men,Apparel,Topwear,Tshirts,Cream,Summer,2012.0,Casual,Do u speak Cream Men T-shirt
42870,Women,Accessories,Bags,Handbags,Purple,Summer,2012.0,Casual,French Connection Women Purple Handbag
18206,Men,Accessories,Headwear,Caps,Black,Fall,2011.0,Casual,Manchester United Men Solid Black Cap
54129,Women,Footwear,Shoes,Heels,Beige,Winter,2012.0,Casual,Rocia Women Beige Flats
23847,Men,Footwear,Shoes,Sports Shoes,White,Fall,2011.0,Sports,ADIDAS Men White Duramo 3 Sports Shoes
48576,Men,Accessories,Jewellery,Bracelet,Steel,Summer,2012.0,Casual,Revv Men Steel Bracelet
9651,Men,Apparel,Topwear,Shirts,Green,Fall,2011.0,Casual,Indigo Nation Men Checks Green Shirts
8783,Men,Apparel,Topwear,Shirts,Red,Fall,2011.0,Casual,Indigo Nation Men Bling PC Red Shirt
4972,Men,Apparel,Topwear,Shirts,Green,Summer,2011.0,Casual,Gini and Jony Boy's Kangaroo Green White Kidswear
38601,Men,Apparel,Topwear,Tshirts,Red,Summer,2012.0,Casual,Nike Men Printed Red T-shirt
45269,Men,Accessories,Watches,Watches,Black,Summer,2017.0,Casual,CASIO Youth Series Digital Men Black Small Dial Digital Watch W-210-1CVDF I065
11985,Men,Footwear,Shoes,Sports Shoes,Black,Fall,2011.0,Sports,Fila Men Glow Black Sports Shoes
59636,Women,Apparel,Saree,Sarees,Sea Green,Fall,2012.0,Ethnic,FNF Sea Green Collection For Wedding Sari
15519,Men,Footwear,Flip Flops,Flip Flops,Brown,Fall,2011.0,Casual,Rockport Men Jelba Brown Flip Flops
10857,Men,Apparel,Topwear,Tshirts,White,Fall,2011.0,Casual,Wrangler Men Rider Striper Polo White T-Shirts
10259,Men,Apparel,Bottomwear,Trousers,Black,Fall,2011.0,Formal,John Miller Men Reglur Black Trousers
53902,Women,Accessories,Bags,Handbags,Brown,Summer,2012.0,Casual,Kiara Women Brown Handbag
38433,Women,Accessories,Bags,Mobile Pouch,Green,Summer,2012.0,Casual,Baggit Women Green Mobile Pouch
40529,Women,Accessories,Watches,Watches,White,Winter,2016.0,Casual,Titan Women White Dial Watch
59404,Women,Apparel,Topwear,Tops,Blue,Fall,2012.0,Casual,Tokyo Talkies Women Blue Top
25982,Women,Personal Care,Fragrance,Perfume and Body Mist,White,Spring,2017.0,Casual,J. DEL POZO Women In White Perfume 100 ml
44189,Women,Footwear,Flip Flops,Flip Flops,Pink,Winter,2012.0,Casual,iPanema Women Pink Flip Flops
24850,Men,Accessories,Belts,Belts,Brown,Summer,2012.0,Formal,Indigo Nation Men Formal Brown Belts
23249,Men,Footwear,Shoes,Formal Shoes,Black,Fall,2011.0,Formal,Arrow Men Formal Black Shoes
18808,Men,Accessories,Belts,Belts,Navy Blue,Summer,2011.0,Casual,Peter England Men Casual Navy Blue Belt
51669,Men,Accessories,Eyewear,Sunglasses,Silver,Winter,2016.0,Casual,Louis Philippe Men Grey Sunglasses
3965,Women,Apparel,Topwear,Tops,White,Summer,2011.0,Casual,Jealous 21 Women White Sleeveless Top
29773,Men,Apparel,Topwear,Shirts,Green,Summer,2012.0,Casual,Wrangler Men Green Striped Shirt
48744,Men,Accessories,Jewellery,Bangle,Steel,Summer,2015.0,Casual,Revv Men Steel Bangle
17840,Men,Footwear,Shoes,Sports Shoes,Red,Fall,2011.0,Sports,Nike Men Air Quick Handle Red Sports Shoe
9463,Men,Apparel,Topwear,Shirts,White,Fall,2011.0,Formal,John Miller Men White Shirt
18034,Women,Accessories,Bags,Handbags,Beige,Winter,2015.0,Casual,Lino Perros Women Solid Beige Handbag
16992,Women,Accessories,Belts,Belts,Black,Summer,2011.0,Casual,Puma Women Dizzy  Black Belt
3159,Men,Footwear,Shoes,Sports Shoes,White,Fall,2010.0,Sports,Nike Men's Air Max Moto White Blue Shoe
49696,Men,Free Items,Free Gifts,Ties,Blue,Summer,2012.0,Formal,Park Avenue Blue Patterned Tie
14858,Women,Accessories,Wallets,Wallets,Red,Summer,2011.0,Casual,United Colors of Benetton Women Solid Red Wallets
33646,Men,Footwear,Sandal,Sandals,Black,Summer,2012.0,Casual,Lotto Men Ridge Black Sandals
57303,Women,Footwear,Shoes,Heels,Brown,Winter,2012.0,Casual,Rocia Women Brown Wedges
11516,Women,Footwear,Shoes,Heels,Black,Winter,2015.0,Casual,Catwalk Women Lifestyle Black Heels
41266,Men,Accessories,Wallets,Wallets,Brown,Summer,2012.0,Casual,Arrow Men Brown Wallet
20251,Men,Apparel,Topwear,Tshirts,Grey,Fall,2011.0,Casual,Wrangler Men Heavy Grey Tshirt
14064,Men,Apparel,Topwear,Tshirts,Red,Fall,2011.0,Casual,Flying Machine Men Pack of 2 Stripes Red Blue Tshirts
44714,Men,Footwear,Flip Flops,Flip Flops,Maroon,Summer,2012.0,Casual,Lotto Men Maroon Juve Flip Flop
5433,Men,Apparel,Topwear,Tshirts,Red,Summer,2011.0,Casual,Nike Men's Speed Fury Red T-shirt
52671,Men,Accessories,Watches,Watches,Navy Blue,Winter,2016.0,Casual,Morellato Men Navy Blue Watch
59299,Men,Apparel,Topwear,Shirts,Blue,Fall,2012.0,Casual,U.S. Polo Assn. Men Striped Blue Shirt
49837,Women,Footwear,Flip Flops,Flip Flops,Blue,Winter,2012.0,Casual,iPanema Women Blue Flip Flops
16733,Men,Footwear,Flip Flops,Flip Flops,Black,Fall,2011.0,Casual,Lotto Men Earth Black Slipper
7364,Men,Footwear,Shoes,Casual Shoes,Brown,Winter,2018.0,Casual,Red Tape Men's Brown casual Shoe
34463,Unisex,Accessories,Bags,Backpacks,Black,Summer,2012.0,Casual,ADIDAS Unisex Black Backpack
47191,Men,Footwear,Shoes,Formal Shoes,Black,Summer,2012.0,Formal,Franco Leone Men Black Formal Shoes
27848,Women,Apparel,Topwear,Tshirts,Navy Blue,Summer,2012.0,Casual,Scullers For Her Navy Blue T-shirt
31111,Boys,Apparel,Bottomwear,Jeans,Black,Summer,2012.0,Casual,Gini and Jony Boys Solid Black Jeans
55454,Women,Personal Care,Lips,Lipstick,Burgundy,Spring,2017.0,Casual,Revlon Velvet Touch Royal Burgundy Lipstick 96
12393,Men,Accessories,Socks,Socks,Black,Summer,2016.0,Formal,Reid & Taylor Men Solid Black Socks
13241,Men,Apparel,Topwear,Jackets,White,Fall,2011.0,Casual,Palm Tree Kids Boys Solid White Jackets
54586,Women,Apparel,Topwear,Kurtas,Green,Summer,2012.0,Ethnic,Sushilas Women Printed Green Kurta
27074,Women,Footwear,Shoes,Flats,Blue,Winter,2015.0,Casual,Catwalk Women Blue Casual Flats
2616,Women,Footwear,Shoes,Flats,Gold,Fall,2010.0,Sports,Carlton London Women Gold Wedge Sandal
43531,Women,Apparel,Topwear,Tops,Off White,Summer,2012.0,Casual,French Connection Women Off White Top
46271,Women,Apparel,Dress,Dresses,Blue,Summer,2012.0,Casual,109F Blue A-Line Dress
35783,Women,Footwear,Shoes,Heels,Turquoise Blue,Summer,2012.0,Casual,Enroute Women Turquoise Blue Flats
7156,Men,Apparel,Topwear,Shirts,Black,Fall,2011.0,Casual,Scullers Men Black Check Shirt
22734,Women,Footwear,Shoes,Sports Shoes,Grey,Fall,2011.0,Sports,Nike Women Grey Lunarglide +3 Sports Shoes
8922,Men,Accessories,Belts,Belts,White,Fall,2011.0,Casual,Puma Men Cat  White Belt
16501,Men,Apparel,Topwear,Tshirts,Brown,Fall,2011.0,Casual,Locomotive Men Printed Brown TShirt
50314,Men,Accessories,Ties,Ties,Brown,Summer,2012.0,Formal,Park Avenue Men Brown Tie
34651,Women,Footwear,Shoes,Sports Shoes,Black,Fall,2012.0,Sports,Fila Women Top Fuel Black Sports Shoes
6084,Men,Apparel,Topwear,Tshirts,White,Summer,2011.0,Casual,UCB Men's Johny Collar With Two Tone White T-shirt
19549,Men,Apparel,Topwear,Sweatshirts,Grey,Fall,2011.0,Casual,United Colors of Benetton Men Solid Grey Sweatshirt
49239,Men,Accessories,Headwear,Caps,White,Fall,2012.0,Casual,Arrow Men White Cap
31323,Women,Apparel,Topwear,Kurtas,White,Summer,2012.0,Ethnic,Aurelia Women Printed Red Kurta
43703,Women,Accessories,Jewellery,Jewellery Set,Red,Summer,2012.0,Casual,Royal Diadem Red Earring & Pendant Set
13073,Men,Footwear,Shoes,Casual Shoes,White,Fall,2012.0,Casual,Numero Uno Men White Shoes
57131,Women,Apparel,Topwear,Tops,Teal,Summer,2012.0,Casual,Elle Women Teal Top
40186,Women,Apparel,Topwear,Kurtis,Black,Summer,2012.0,Ethnic,Mumbai Slang Women Pink & Black Kurti
58945,Women,Personal Care,Fragrance,Perfume and Body Mist,White,Spring,2017.0,Casual,Taylor of London Women White Satin Perfume
33474,Women,Accessories,Belts,Belts,Blue,Summer,2012.0,Casual,Baggit Women Chotu Dum Blue Belt
59897,Women,Apparel,Dress,Dresses,Yellow,Fall,2012.0,Casual,Femella Women Yellow Dress
11724,Women,Apparel,Topwear,Shirts,Red,Fall,2011.0,Casual,Lee Women Check Red Shirts
5601,Men,Footwear,Flip Flops,Flip Flops,Brown,Summer,2011.0,Casual,Nike Men's Splash Thong Yellow Black Flip Flop
20063,Women,Accessories,Mufflers,Mufflers,Black,Fall,2011.0,Casual,United Colors Of Benetton Women Black Muffler
53591,Men,Free Items,Free Gifts,Free Gifts,White,Winter,2016.0,Casual,Q&Q Men White Dial Watch
58179,Women,Accessories,Bags,Handbags,Blue,Summer,2012.0,Casual,Rocky S Women Blue Handbag
39972,Men,Footwear,Shoes,Casual Shoes,Grey,Summer,2013.0,Casual,GAS Men Grey Campus Casual Shoes
15384,Men,Footwear,Flip Flops,Flip Flops,Black,Summer,2013.0,Casual,Filac Men Hawai Black Slippers
52443,Women,Apparel,Loungewear and Nightwear,Nightdress,Green,Winter,2015.0,Casual,Red Rose White & Green Nightdress
41868,Men,Footwear,Sandal,Sandals,Turquoise Blue,Summer,2015.0,Casual,Estd. 1977 Men Turquoise Blue Sandals
36106,Men,Accessories,Wallets,Wallets,Black,Summer,2012.0,Casual,OTLS Men Laurel Black Wallet
23282,Men,Accessories,Watches,Watches,Off White,Winter,2016.0,Casual,Maxima Men Off White Dial Watch
34235,Men,Apparel,Topwear,Tshirts,Cream,Summer,2013.0,Casual,Proline Men Cream-Coloured Polo T-Shirt
46615,Women,Footwear,Shoes,Heels,Red,Winter,2012.0,Casual,Catwalk Women Red Flats
19911,Unisex,Accessories,Bags,Messenger Bag,Grey,Winter,2015.0,Casual,Wildcraft Unisex Grey Printed Messenger Bag
7532,Men,Apparel,Topwear,Tshirts,Blue,Summer,2011.0,Sports,Nike Men's Encourage Blue T-shirt
22350,Men,Apparel,Topwear,Shirts,Blue,Fall,2011.0,Casual,John Players Men Check Blue Shirt
16165,Men,Footwear,Shoes,Casual Shoes,Tan,Fall,2011.0,Casual,Enroute Men Leather Brown Casual Shoes
2040,Men,Apparel,Topwear,Tshirts,White,Fall,2010.0,Casual,ADIDAS Mens Fire White Polo T-shirt
30695,Women,Footwear,Shoes,Flats,Bronze,Winter,2012.0,Casual,Catwalk Women Bronze toned Sandals
43367,Women,Footwear,Shoes,Flats,Black,Summer,2012.0,Casual,Reebok Women Black Casual Shoes
13417,Men,Apparel,Topwear,Shirts,Blue,Summer,2011.0,Casual,United Colors of Benetton Men Solid Blue Shirts
27622,Men,Apparel,Bottomwear,Trousers,Grey,Summer,2012.0,Casual,Scullers Men Grey Trousers
55202,Women,Personal Care,Lips,Lip Care,Pink,Spring,2017.0,Casual,Lakme Lip Love Hottie Lip Conditioner
3192,Men,Apparel,Topwear,Tshirts,Black,Summer,2011.0,Casual,Tantra Men's Prism Black T-shirt
16959,Women,Accessories,Eyewear,Sunglasses,Brown,Winter,2016.0,Casual,Image Women Classic Eyewear Brown Sunglasses
11340,Men,Apparel,Bottomwear,Jeans,Blue,Summer,2017.0,Casual,Lee Men Blue Chicago Fit Jeans
25175,Women,Accessories,Bags,Handbags,Red,Winter,2015.0,Casual,Lino Perros Women Red and Grey Handbag
10292,Women,Footwear,Shoes,Heels,Brown,Summer,2015.0,Casual,Clarks Women Brown Leather Heels
57555,Women,Personal Care,Lips,Lipstick,Pink,Spring,2017.0,,Lotus Herbals SPF-10 Tulip Love Lipstick 417
52027,Unisex,Apparel,Topwear,Rain Jacket,Navy Blue,Summer,2012.0,,Just Natural Unisex Navy Blue Rain Jacket
36562,Men,Apparel,Topwear,Tshirts,White,Summer,2012.0,Casual,Jack & Jones Men Dino White T-shirt
25949,Women,Accessories,Scarves,Scarves,Brown,Summer,2012.0,Casual,Femella Women Printed Brown Scarf
44142,Men,Personal Care,Fragrance,Perfume and Body Mist,Green,Spring,2017.0,Casual,dunhill Men Fresh Perfume
5265,Unisex,Accessories,Bags,Messenger Bag,Black,Winter,2015.0,Casual,Wildcraft Unisex Black & Red Messenger Bag
14632,Men,Accessories,Mufflers,Mufflers,Green,Fall,2011.0,Casual,United Colors of Benetton Men Solid Green Mufflers
11172,Men,Apparel,Topwear,Sweaters,Red,Fall,2011.0,Casual,Scullers Men Stripes Red Sweaters
39718,Women,Apparel,Topwear,Tops,Beige,Summer,2012.0,Casual,Arrow Woman Beige Top
41602,Men,Apparel,Topwear,Shirts,Navy Blue,Summer,2012.0,Casual,Basics Men Navy Shirt
33222,Women,Apparel,Topwear,Tunics,Brown,Summer,2012.0,Casual,Sepia Women Brown Tunic
24295,Men,Accessories,Socks,Socks,Black,Summer,2016.0,Casual,Quiksilver Men Black Socks
57767,Women,Personal Care,Skin,Face Moisturisers,White,Spring,2017.0,,Lotus Herbals Whiteglow Yogurt Skin Whitening & Brightening Face Masque 80 g
36750,Girls,Apparel,Dress,Dresses,Navy Blue,Summer,2012.0,Casual,Little Miss Girls Chatterbox Navy Blue Dress
37682,Unisex,Accessories,Bags,Backpacks,Black,Summer,2012.0,Casual,American Tourister Unisex Black Backpack
34007,Girls,Apparel,Topwear,Tops,Pink,Summer,2012.0,Casual,Gini and Jony Girls Pink Top
17285,Men,Apparel,Topwear,Tshirts,Black,Fall,2011.0,Casual,U.S. Polo Assn. Men Solid Black  polo Tshirt
43969,Women,Personal Care,Fragrance,Perfume and Body Mist,Black,Spring,2017.0,Casual,DKNY Women Delicious Night Perfume
28458,Women,Apparel,Bottomwear,Capris,Blue,Summer,2012.0,Sports,Urban Yoga Women Blue Capris
22162,Men,Footwear,Shoes,Casual Shoes,Black,Summer,2011.0,Casual,Timberland Men Black Casual Shoes
16357,Men,Apparel,Topwear,Shirts,Blue,Fall,2011.0,Formal,Peter England Men Stripes Blue Shirt
46427,Men,Accessories,Watches,Watches,Black,Winter,2016.0,Casual,Timex Men Black Dial Watch
7700,Women,Apparel,Topwear,Tops,Pink,Fall,2011.0,Casual,Jealous 21 Women's All Girls Dying Jealousy Pink Top
27410,Women,Apparel,Loungewear and Nightwear,Lounge Pants,Multi,Summer,2018.0,Casual,Jockey Women Assorted Lounge Pants
2272,Men,Apparel,Topwear,Tshirts,Blue,Fall,2010.0,Sports,Nike Mens Blue Polo T-shirt
43155,Women,Accessories,Watches,Watches,Black,Winter,2016.0,Casual,Fastrack Women Black Dial Watch
42087,Men,Footwear,Shoes,Sports Shoes,White,Summer,2012.0,Sports,ADIDAS Men White Aztek Shoes
8748,Men,Apparel,Topwear,Shirts,Orange,Fall,2011.0,Casual,Indigo Nation Men Plain Orange Shirts
55030,Women,Personal Care,Lips,Lipstick,Red,Spring,2017.0,Casual,Lakme Absolute Matte Milan Red Lipstick 48
17043,Men,Footwear,Shoes,Casual Shoes,Black,Summer,2013.0,Casual,Gas Men Skate 003 Casual Shoe
50784,Women,Footwear,Shoes,Heels,Cream,Fall,2013.0,Casual,Clarks Women Cream Coloured Onslow Beat Leather Wedges
2888,Women,Footwear,Shoes,Heels,Brown,Winter,2015.0,Casual,Catwalk Women Wedding Heeled Bronze Heels
23276,Men,Accessories,Watches,Watches,Black,Winter,2016.0,Casual,Maxima Ssteele Men Black Watch
6414,Men,Footwear,Flip Flops,Flip Flops,Grey,Summer,2011.0,Casual,Lotto Men's Thong Blue White Flip Flop
18837,Men,Accessories,Belts,Belts,Brown,Summer,2011.0,Formal,Peter England Men Formal Brown Belt
35313,Women,Accessories,Jewellery,Earrings,Silver,Winter,2016.0,Ethnic,Fabindia Women Anusuya Silver Earrings
51656,Men,Accessories,Watches,Watches,Black,Winter,2016.0,Casual,Fossil Men Black Dial Chronograph Watch CH2737
16191,Men,Apparel,Topwear,Tshirts,White,Fall,2011.0,Casual,Puma Men Graphic White TShirt
30661,Men,Accessories,Eyewear,Sunglasses,Black,Winter,2016.0,Casual,Park Avenue Men Black Sunglasses
43393,Men,Accessories,Wallets,Wallets,Brown,Summer,2012.0,Casual,Lino Perros Men Brown Wallet
26704,Men,Footwear,Shoes,Sports Shoes,White,Fall,2011.0,Sports,Nike Men White T-Lite 9 SL Shoes
12531,Women,Apparel,Topwear,Sweatshirts,Pink,Fall,2011.0,Casual,Puma Women Solid Pink Sweatshirts
42241,Women,Apparel,Topwear,Tops,Purple,Summer,2012.0,Casual,Sepia Women Purple Top
56473,Women,Personal Care,Nails,Nail Polish,Purple,Spring,2017.0,Casual,Streetwear Grape Shimmer Nail Polish 41
25181,Women,Accessories,Bags,Handbags,Brown,Winter,2015.0,Casual,Lino Perros Women Leatherite Brown Handbag
24053,Men,Apparel,Topwear,Tshirts,Charcoal,Fall,2011.0,Casual,Locomotive Men Printed Charcoal T-shirt
10266,Men,Footwear,Shoes,Casual Shoes,Brown,Fall,2011.0,Casual,Clarks Men Goto Hi Cola Suede Brown Shoes
40516,Men,Accessories,Watches,Watches,White,Winter,2016.0,Casual,Titan Men White Dial Watch
15714,Men,Footwear,Shoes,Sports Shoes,Black,Fall,2011.0,Sports,Nike Men Free Run+ 2 Black Sports Shoes
21521,Women,Accessories,Bags,Handbags,Pink,Winter,2015.0,Casual,Kiara Women Rose Pink Handbag
4343,Men,Footwear,Shoes,Casual Shoes,Red,Summer,2011.0,Casual,Fila Men Leonard Red Shoes
5291,Men,Footwear,Shoes,Formal Shoes,Black,Summer,2011.0,Formal,Lee Cooper Men Black Semi Formal Shoe
53101,Women,Accessories,Jewellery,Earrings,Silver,Winter,2016.0,Casual,Fabindia Silver Drop Earrings
32304,Women,Accessories,Watches,Watches,White,Winter,2016.0,Casual,Q&Q Women White Dial Watch
57793,Women,Personal Care,Makeup,Compact,Skin,Spring,2017.0,,Lotus Herbals Natural Blend Botanical Compact 550
10054,Boys,Apparel,Topwear,Tshirts,Blue,Summer,2011.0,Sports,Reebok Kids Kkr Boy's Premium Blue Jerseys
4171,Men,Footwear,Shoes,Sports Shoes,White,Summer,2011.0,Sports,Reebok Men's Easytone Inspire White Shoe
45256,Men,Accessories,Watches,Watches,Black,Winter,2016.0,Casual,Casio Edifice Men Analog Watch EF-130D-1A5VDF(ED419)
59609,Women,Apparel,Saree,Sarees,Khaki,Fall,2012.0,Ethnic,FNF Khaki Collection for Wedding Sari
15526,Women,Footwear,Shoes,Heels,Brown,Fall,2011.0,Casual,Rockport Women Jeanie Oneband Brown Flats
21713,Men,Accessories,Watches,Watches,Blue,Winter,2016.0,Casual,Fossil Men Blue Dial Chronograph Watch CH2752
44384,Women,Personal Care,Fragrance,Deodorant,White,Spring,2017.0,Casual,Spinz Women Enchante Deo
37676,Unisex,Accessories,Bags,Backpacks,Black,Winter,2012.0,Casual,American Tourister Unisex Black Backpack
6626,Men,Footwear,Shoes,Sports Shoes,Blue,Summer,2011.0,Sports,ADIDAS Men's Canon Dialect Blue Yellow Shoe
47501,Unisex,Footwear,Shoes,Casual Shoes,Red,Fall,2012.0,Casual,Footfun Kids Unisex Red Shoes
17271,Men,Apparel,Topwear,Tshirts,Grey,Fall,2011.0,Casual,U.S. Polo Assn. Men Stripes DK.Grey Polo Tshirt
23044,Women,Apparel,Bottomwear,Leggings,Brown,Fall,2011.0,Casual,Arrow Woman Brown Jeggings
22196,Men,Footwear,Shoes,Casual Shoes,Black,Fall,2012.0,Casual,Timberland Men Black Casual Shoes
51464,Women,Apparel,Topwear,Tops,Olive,Summer,2012.0,Casual,Tonga Women Olive Top
54116,Women,Footwear,Shoes,Heels,Maroon,Winter,2012.0,Casual,Rocia Women Maroon Sandals
30453,Men,Apparel,Bottomwear,Jeans,White,Summer,2012.0,Casual,Deni Yo Men White Jeans
2286,Men,Apparel,Topwear,Sweatshirts,Black,Fall,2010.0,Sports,Nike Men Black Sweatshirt
23878,Women,Footwear,Shoes,Casual Shoes,Green,Summer,2012.0,Casual,Fila Women Sleeker Green Check Casual Shoes
48549,Women,Accessories,Belts,Belts,Black,Summer,2012.0,Casual,Wrangler Women Black Belt
42073,Men,Accessories,Wallets,Wallets,Black,Summer,2012.0,Casual,American Tourister Men Black Wallet
31581,Men,Apparel,Topwear,Tshirts,Blue,Summer,2012.0,Casual,Mark Taylor Men Printed Blue T-shirt
3354,Men,Apparel,Topwear,Tshirts,White,Summer,2011.0,Casual,Myntra Men's I Give 100 Percent Work White T-shirt
26536,Men,Footwear,Shoes,Casual Shoes,White,Summer,2012.0,Casual,ID Men White Shoes
12703,Women,Footwear,Shoes,Sports Shoes,White,Fall,2011.0,Sports,Nike Women Downshifter White Sports Shoes
24605,Women,Apparel,Apparel Set,Kurta Sets,Pink,Fall,2011.0,Ethnic,Vishudh Women Pink Churidar Kurta with Dupatta
10430,Men,Apparel,Topwear,Shirts,Blue,Fall,2011.0,Casual,Flying Machine Men Ydc Blue Shirts
56225,Men,Apparel,Loungewear and Nightwear,Night suits,Black,Summer,2016.0,Casual,SDL by Sweet Dreams Men Black & Grey Pyjama Set
39388,Men,Apparel,Bottomwear,Jeans,Black,Summer,2012.0,Casual,Peter England Men Black Jeans
14090,Men,Apparel,Topwear,Tshirts,Blue,Fall,2011.0,Casual,Flying Machine Men Stripes Blue Polo Tshirts
53757,Women,Footwear,Shoes,Sports Shoes,White,Summer,2012.0,Sports,Puma Women Speeder Wns Ind White Sports Shoes
37212,Men,Apparel,Topwear,Shirts,Pink,Summer,2012.0,Casual,United Colors of Benetton Men Pink Shirt
4515,Men,Footwear,Shoes,Sports Shoes,White,Summer,2011.0,Sports,Puma Men's Tarun White Silver Red Shoe
7390,Men,Footwear,Shoes,Formal Shoes,Brown,Winter,2018.0,Formal,Red Tape Men Brown Shoes
35545,Girls,Footwear,Sandal,Sandals,Brown,Summer,2012.0,Casual,Enroute Teens Brown Sandals
6242,Women,Apparel,Topwear,Tshirts,Purple,Summer,2011.0,Casual,Lee Women's Rihana Purple T-shirt
47165,Men,Accessories,Belts,Belts,Black,Summer,2012.0,Casual,Peter England Men Black Belt
17615,Boys,Apparel,Topwear,Tshirts,White,Fall,2011.0,Casual,Doodle Boys living Upto White Tshirt
48911,Women,Accessories,Jewellery,Pendant,Silver,Summer,2013.0,Casual,Lucera Women Silver Pendant with Chain
29926,Men,Accessories,Watches,Watches,Black,Winter,2016.0,Casual,Police Men Black Dial Watch PL12778MSU-61
42417,Unisex,Accessories,Accessories,Messenger Bag,Purple,Summer,2012.0,Casual,American Tourister Unisex Purple Messenger Bag
3730,Men,Apparel,Topwear,Tshirts,Yellow,Summer,2011.0,Sports,CSK Mens Fangear Yellow Jersey
26152,Men,Apparel,Bottomwear,Trousers,Grey,Summer,2012.0,Formal,John Miller Men Striped Grey Trousers
